uberon_id	cui
UBERON:0000002	UMLS:C0007874
UBERON:0000004	UMLS:C0028429
UBERON:0000004	UMLS:C0458561
UBERON:0000006	UMLS:C0022131
UBERON:0000007	UMLS:C0032005
UBERON:0000007	UMLS:C0751440
UBERON:0000009	UMLS:C0225344
UBERON:0000010	UMLS:C0206417
UBERON:0000010	UMLS:C1305921
UBERON:0000011	UMLS:C0030510
UBERON:0000011	UMLS:C1305770
UBERON:0000013	UMLS:C0039044
UBERON:0000013	UMLS:C1269646
UBERON:0000014	UMLS:C1123023
UBERON:0000017	UMLS:C0553695
UBERON:0000019	UMLS:C0015392
UBERON:0000019	UMLS:C1280202
UBERON:0000020	UMLS:C0036665
UBERON:0000020	UMLS:C0935626
UBERON:0000022	UMLS:C0015731
UBERON:0000023	UMLS:C4042890
UBERON:0000026	UMLS:C0015385
UBERON:0000026	UMLS:C0598782
UBERON:0000029	UMLS:C0024204
UBERON:0000030	UMLS:C1179187
UBERON:0000031	UMLS:C1710457
UBERON:0000033	UMLS:C0018670
UBERON:0000037	UMLS:C0600225
UBERON:0000038	UMLS:C0016431
UBERON:0000038	UMLS:C1709369
UBERON:0000042	UMLS:C0036760
UBERON:0000043	UMLS:C0039508
UBERON:0000043	UMLS:C0039509
UBERON:0000043	UMLS:C4279943
UBERON:0000043	UMLS:C4279944
UBERON:0000044	UMLS:C0017070
UBERON:0000045	UMLS:C0017067
UBERON:0000051	UMLS:C0227794
UBERON:0000052	UMLS:C0152334
UBERON:0000052	UMLS:C0458370
UBERON:0000053	UMLS:C0450295
UBERON:0000053	UMLS:C1284755
UBERON:0000054	UMLS:C0024436
UBERON:0000056	UMLS:C0041951
UBERON:0000057	UMLS:C0041967
UBERON:0000057	UMLS:C0227720
UBERON:0000057	UMLS:C0457053
UBERON:0000057	UMLS:C2330261
UBERON:0000058	UMLS:C0687028
UBERON:0000059	UMLS:C0021851
UBERON:0000061	UMLS:C0003055
UBERON:0000061	UMLS:C0003058
UBERON:0000062	UMLS:C0178784
UBERON:0000073	UMLS:C1518256
UBERON:0000074	UMLS:C0022663
UBERON:0000075	UMLS:C1519343
UBERON:0000076	UMLS:C1515087
UBERON:0000079	UMLS:C0017422
UBERON:0000079	UMLS:C0524605
UBERON:0000079	UMLS:C1963704
UBERON:0000080	UMLS:C0025492
UBERON:0000080	UMLS:C1281743
UBERON:0000081	UMLS:C0231049
UBERON:0000082	UMLS:C0022646
UBERON:0000084	UMLS:C1284058
UBERON:0000085	UMLS:C0026573
UBERON:0000086	UMLS:C0043519
UBERON:0000087	UMLS:C1283994
UBERON:0000088	UMLS:C0041178
UBERON:0000089	UMLS:C1512561
UBERON:0000091	UMLS:C1283997
UBERON:0000101	UMLS:C0225752
UBERON:0000118	UMLS:C1514420
UBERON:0000118	UMLS:C1514897
UBERON:0000120	UMLS:C0005854
UBERON:0000121	UMLS:C0205890
UBERON:0000123	UMLS:C0205888
UBERON:0000124	UMLS:C0205889
UBERON:0000127	UMLS:C0228740
UBERON:0000158	UMLS:C0025255
UBERON:0000159	UMLS:C0227411
UBERON:0000160	UMLS:C0021853
UBERON:0000162	UMLS:C0008987
UBERON:0000164	UMLS:C0231057
UBERON:0000165	UMLS:C0226896
UBERON:0000165	UMLS:C0226897
UBERON:0000165	UMLS:C0226898
UBERON:0000167	UMLS:C0226896
UBERON:0000173	UMLS:C0002638
UBERON:0000173	UMLS:C0552315
UBERON:0000178	UMLS:C0005767
UBERON:0000180	UMLS:C0230171
UBERON:0000200	UMLS:C0458308
UBERON:0000209	UMLS:C0016732
UBERON:0000210	UMLS:C0030558
UBERON:0000211	UMLS:C0023685
UBERON:0000220	UMLS:C0004169
UBERON:0000301	UMLS:C0230976
UBERON:0000304	UMLS:C0224856
UBERON:0000305	UMLS:C0002630
UBERON:0000310	UMLS:C0006141
UBERON:0000315	UMLS:C0038527
UBERON:0000316	UMLS:C0007872
UBERON:0000316	UMLS:C0500274
UBERON:0000316	UMLS:C0524526
UBERON:0000319	UMLS:C0230960
UBERON:0000323	UMLS:C0015965
UBERON:0000323	UMLS:C0242291
UBERON:0000323	UMLS:C0524584
UBERON:0000323	UMLS:C1720767
UBERON:0000323	UMLS:C3714710
UBERON:0000326	UMLS:C0030296
UBERON:0000329	UMLS:C1182707
UBERON:0000341	UMLS:C0230069
UBERON:0000344	UMLS:C0026724
UBERON:0000344	UMLS:C0225357
UBERON:0000344	UMLS:C1179187
UBERON:0000347	UMLS:C0026969
UBERON:0000347	UMLS:C0026973
UBERON:0000348	UMLS:C0029082
UBERON:0000349	UMLS:C0023715
UBERON:0000353	UMLS:C0933845
UBERON:0000358	UMLS:C1281743
UBERON:0000359	UMLS:C1947929
UBERON:0000362	UMLS:C0022664
UBERON:0000362	UMLS:C0022666
UBERON:0000363	UMLS:C0035287
UBERON:0000365	UMLS:C0225339
UBERON:0000365	UMLS:C0227598
UBERON:0000369	UMLS:C0010097
UBERON:0000371	UMLS:C1135936
UBERON:0000375	UMLS:C0024695
UBERON:0000375	UMLS:C0162406
UBERON:0000376	UMLS:C0039866
UBERON:0000377	UMLS:C0024955
UBERON:0000377	UMLS:C0162412
UBERON:0000378	UMLS:C0448325
UBERON:0000378	UMLS:C1710437
UBERON:0000382	UMLS:C0003584
UBERON:0000382	UMLS:C0930083
UBERON:0000387	UMLS:C0224498
UBERON:0000388	UMLS:C0014540
UBERON:0000391	UMLS:C0228126
UBERON:0000395	UMLS:C0037959
UBERON:0000396	UMLS:C0226965
UBERON:0000396	UMLS:C1182961
UBERON:0000396	UMLS:C1267555
UBERON:0000403	UMLS:C0036270
UBERON:0000412	UMLS:C0221931
UBERON:0000416	UMLS:C0038541
UBERON:0000423	UMLS:C0013492
UBERON:0000424	UMLS:C0227203
UBERON:0000428	UMLS:C1179826
UBERON:0000435	UMLS:C0086527
UBERON:0000444	UMLS:C0229654
UBERON:0000446	UMLS:C0752060
UBERON:0000453	UMLS:C0230965
UBERON:0000454	UMLS:C0815008
UBERON:0000456	UMLS:C0036537
UBERON:0000456	UMLS:C1516992
UBERON:0000458	UMLS:C0227837
UBERON:0000460	UMLS:C0004768
UBERON:0000464	UMLS:C0524461
UBERON:0000467	UMLS:C0460002
UBERON:0000473	UMLS:C0039597
UBERON:0000474	UMLS:C0017421
UBERON:0000474	UMLS:C0524604
UBERON:0000474	UMLS:C0700038
UBERON:0000475	UMLS:C0005898
UBERON:0000475	UMLS:C0229962
UBERON:0000478	UMLS:C1282438
UBERON:0000479	UMLS:C0040300
UBERON:0000482	UMLS:C0004799
UBERON:0000482	UMLS:C0085872
UBERON:0000483	UMLS:C0014609
UBERON:0000483	UMLS:C0086610
UBERON:0000484	UMLS:C0836134
UBERON:0000485	UMLS:C0836135
UBERON:0000486	UMLS:C0682575
UBERON:0000487	UMLS:C0836133
UBERON:0000490	UMLS:C0682574
UBERON:0000569	UMLS:C0020880
UBERON:0000908	UMLS:C0228287
UBERON:0000911	UMLS:C0008730
UBERON:0000912	UMLS:C0026727
UBERON:0000922	UMLS:C0013935
UBERON:0000922	UMLS:C1956416
UBERON:0000922	UMLS:C2717834
UBERON:0000923	UMLS:C0920502
UBERON:0000923	UMLS:C1708239
UBERON:0000924	UMLS:C0013574
UBERON:0000925	UMLS:C0014144
UBERON:0000926	UMLS:C0025485
UBERON:0000930	UMLS:C1514977
UBERON:0000931	UMLS:C0231054
UBERON:0000933	UMLS:C0031346
UBERON:0000933	UMLS:C0224202
UBERON:0000933	UMLS:C0224214
UBERON:0000933	UMLS:C0224217
UBERON:0000933	UMLS:C1521985
UBERON:0000935	UMLS:C0152335
UBERON:0000936	UMLS:C0152327
UBERON:0000941	UMLS:C0029130
UBERON:0000942	UMLS:C0228712
UBERON:0000945	UMLS:C0038351
UBERON:0000946	UMLS:C0018826
UBERON:0000947	UMLS:C0003483
UBERON:0000947	UMLS:C0003956
UBERON:0000948	UMLS:C0018787
UBERON:0000949	UMLS:C0014136
UBERON:0000950	UMLS:C0224439
UBERON:0000955	UMLS:C0006104
UBERON:0000955	UMLS:C1269537
UBERON:0000956	UMLS:C0007776
UBERON:0000959	UMLS:C0029126
UBERON:0000961	UMLS:C0229010
UBERON:0000962	UMLS:C0228815
UBERON:0000964	UMLS:C0010031
UBERON:0000965	UMLS:C0023317
UBERON:0000966	UMLS:C0035298
UBERON:0000966	UMLS:C1278894
UBERON:0000970	UMLS:C0015392
UBERON:0000974	UMLS:C0027530
UBERON:0000975	UMLS:C0038293
UBERON:0000976	UMLS:C0020164
UBERON:0000977	UMLS:C0032225
UBERON:0000977	UMLS:C0225776
UBERON:0000977	UMLS:C0225777
UBERON:0000978	UMLS:C0023216
UBERON:0000979	UMLS:C0040184
UBERON:0000980	UMLS:C0162370
UBERON:0000981	UMLS:C0015811
UBERON:0000982	UMLS:C0022417
UBERON:0000985	UMLS:C0004456
UBERON:0000988	UMLS:C0032639
UBERON:0000988	UMLS:C1280999
UBERON:0000989	UMLS:C0030851
UBERON:0000989	UMLS:C0227948
UBERON:0000990	UMLS:C1261210
UBERON:0000991	UMLS:C0018067
UBERON:0000992	UMLS:C0029939
UBERON:0000993	UMLS:C0029954
UBERON:0000995	UMLS:C0042149
UBERON:0000996	UMLS:C0042232
UBERON:0000997	UMLS:C0042993
UBERON:0000998	UMLS:C0036628
UBERON:0000999	UMLS:C0013747
UBERON:0001000	UMLS:C0042360
UBERON:0001003	UMLS:C0014520
UBERON:0001004	UMLS:C0035237
UBERON:0001004	UMLS:C0282335
UBERON:0001007	UMLS:C0012240
UBERON:0001008	UMLS:C0042027
UBERON:0001008	UMLS:C1508753
UBERON:0001011	UMLS:C0019051
UBERON:0001013	UMLS:C0001527
UBERON:0001013	UMLS:C0344335
UBERON:0001013	UMLS:C0935625
UBERON:0001015	UMLS:C0026845
UBERON:0001016	UMLS:C0027763
UBERON:0001017	UMLS:C0927232
UBERON:0001017	UMLS:C3714787
UBERON:0001019	UMLS:C1185741
UBERON:0001020	UMLS:C1185742
UBERON:0001021	UMLS:C0027740
UBERON:0001021	UMLS:C0031119
UBERON:0001021	UMLS:C0205888
UBERON:0001021	UMLS:C0205889
UBERON:0001021	UMLS:C0205890
UBERON:0001031	UMLS:C0027807
UBERON:0001037	UMLS:C0018494
UBERON:0001037	UMLS:C0423866
UBERON:0001040	UMLS:C0043425
UBERON:0001041	UMLS:C0231051
UBERON:0001042	UMLS:C0031354
UBERON:0001043	UMLS:C0014876
UBERON:0001044	UMLS:C0036098
UBERON:0001045	UMLS:C0231052
UBERON:0001046	UMLS:C0231053
UBERON:0001048	UMLS:C0678727
UBERON:0001049	UMLS:C0231024
UBERON:0001051	UMLS:C0020629
UBERON:0001052	UMLS:C0034896
UBERON:0001054	UMLS:C0024648
UBERON:0001057	UMLS:C0010085
UBERON:0001057	UMLS:C0010091
UBERON:0001058	UMLS:C0949650
UBERON:0001062	UMLS:C1515976
UBERON:0001064	UMLS:C0013294
UBERON:0001064	UMLS:C0030288
UBERON:0001064	UMLS:C0227573
UBERON:0001064	UMLS:C0447557
UBERON:0001065	UMLS:C0227458
UBERON:0001066	UMLS:C0021815
UBERON:0001067	UMLS:C0224521
UBERON:0001069	UMLS:C0227579
UBERON:0001070	UMLS:C0007275
UBERON:0001071	UMLS:C0226271
UBERON:0001072	UMLS:C0042458
UBERON:0001074	UMLS:C0225972
UBERON:0001075	UMLS:C0223084
UBERON:0001078	UMLS:C0223080
UBERON:0001084	UMLS:C0205029
UBERON:0001085	UMLS:C0205031
UBERON:0001088	UMLS:C0042036
UBERON:0001089	UMLS:C0038984
UBERON:0001090	UMLS:C0039097
UBERON:0001091	UMLS:C0040426
UBERON:0001092	UMLS:C0004170
UBERON:0001093	UMLS:C0004457
UBERON:0001093	UMLS:C2919848
UBERON:0001094	UMLS:C1261045
UBERON:0001095	UMLS:C0223616
UBERON:0001097	UMLS:C0729594
UBERON:0001098	UMLS:C0021156
UBERON:0001099	UMLS:C0226653
UBERON:0001100	UMLS:C0224347
UBERON:0001101	UMLS:C0226543
UBERON:0001103	UMLS:C0011980
UBERON:0001104	UMLS:C0226545
UBERON:0001105	UMLS:C0008913
UBERON:0001105	UMLS:C4019107
UBERON:0001106	UMLS:C0226802
UBERON:0001107	UMLS:C0224162
UBERON:0001108	UMLS:C0224163
UBERON:0001109	UMLS:C0224166
UBERON:0001110	UMLS:C0224167
UBERON:0001111	UMLS:C0021724
UBERON:0001112	UMLS:C0224362
UBERON:0001113	UMLS:C0447541
UBERON:0001114	UMLS:C0227481
UBERON:0001115	UMLS:C0227486
UBERON:0001117	UMLS:C0227489
UBERON:0001118	UMLS:C0447647
UBERON:0001119	UMLS:C0229581
UBERON:0001120	UMLS:C0229582
UBERON:0001121	UMLS:C0224169
UBERON:0001122	UMLS:C0224174
UBERON:0001123	UMLS:C1710019
UBERON:0001125	UMLS:C1710059
UBERON:0001126	UMLS:C1710058
UBERON:0001127	UMLS:C1711277
UBERON:0001128	UMLS:C0224153
UBERON:0001129	UMLS:C0584884
UBERON:0001130	UMLS:C0037949
UBERON:0001130	UMLS:C0549207
UBERON:0001130	UMLS:C1519455
UBERON:0001132	UMLS:C0030518
UBERON:0001134	UMLS:C0242692
UBERON:0001135	UMLS:C1267092
UBERON:0001136	UMLS:C0086610
UBERON:0001137	UMLS:C0004600
UBERON:0001138	UMLS:C0226742
UBERON:0001139	UMLS:C0226758
UBERON:0001140	UMLS:C0035092
UBERON:0001141	UMLS:C0508000
UBERON:0001142	UMLS:C0508001
UBERON:0001143	UMLS:C0019155
UBERON:0001144	UMLS:C0226718
UBERON:0001145	UMLS:C0226720
UBERON:0001146	UMLS:C0226717
UBERON:0001148	UMLS:C0025058
UBERON:0001150	UMLS:C0227582
UBERON:0001151	UMLS:C0227590
UBERON:0001152	UMLS:C0010672
UBERON:0001153	UMLS:C0007531
UBERON:0001154	UMLS:C0003617
UBERON:0001155	UMLS:C0009368
UBERON:0001156	UMLS:C0227375
UBERON:0001157	UMLS:C0227386
UBERON:0001158	UMLS:C0227389
UBERON:0001159	UMLS:C0227391
UBERON:0001159	UMLS:C0682612
UBERON:0001160	UMLS:C0017129
UBERON:0001161	UMLS:C0227230
UBERON:0001162	UMLS:C0007144
UBERON:0001163	UMLS:C0227221
UBERON:0001164	UMLS:C0227223
UBERON:0001165	UMLS:C0034193
UBERON:0001166	UMLS:C0034196
UBERON:0001168	UMLS:C1519375
UBERON:0001171	UMLS:C0682620
UBERON:0001172	UMLS:C0227519
UBERON:0001173	UMLS:C0005423
UBERON:0001174	UMLS:C0009437
UBERON:0001175	UMLS:C0019149
UBERON:0001175	UMLS:C0917710
UBERON:0001176	UMLS:C0227557
UBERON:0001177	UMLS:C0227560
UBERON:0001179	UMLS:C1704247
UBERON:0001182	UMLS:C0162861
UBERON:0001183	UMLS:C0162860
UBERON:0001184	UMLS:C0035065
UBERON:0001185	UMLS:C0226332
UBERON:0001186	UMLS:C0226333
UBERON:0001188	UMLS:C0734076
UBERON:0001189	UMLS:C0734077
UBERON:0001190	UMLS:C0226411
UBERON:0001191	UMLS:C1261084
UBERON:0001192	UMLS:C0226299
UBERON:0001193	UMLS:C0019145
UBERON:0001194	UMLS:C0037996
UBERON:0001195	UMLS:C0226319
UBERON:0001196	UMLS:C0226328
UBERON:0001197	UMLS:C0226323
UBERON:0001198	UMLS:C0580876
UBERON:0001199	UMLS:C0017136
UBERON:0001200	UMLS:C0227211
UBERON:0001201	UMLS:C1517453
UBERON:0001202	UMLS:C0227238
UBERON:0001203	UMLS:C0227200
UBERON:0001204	UMLS:C0227261
UBERON:0001205	UMLS:C0227268
UBERON:0001207	UMLS:C0734203
UBERON:0001208	UMLS:C0734204
UBERON:0001209	UMLS:C1517727
UBERON:0001210	UMLS:C0227262
UBERON:0001211	UMLS:C0031272
UBERON:0001212	UMLS:C0006323
UBERON:0001213	UMLS:C1519988
UBERON:0001214	UMLS:C0226743
UBERON:0001215	UMLS:C0226754
UBERON:0001217	UMLS:C1301431
UBERON:0001219	UMLS:C0226744
UBERON:0001220	UMLS:C0224380
UBERON:0001221	UMLS:C0224378
UBERON:0001222	UMLS:C0227682
UBERON:0001223	UMLS:C0227683
UBERON:0001224	UMLS:C0227666
UBERON:0001225	UMLS:C0022655
UBERON:0001228	UMLS:C0022664
UBERON:0001228	UMLS:C0022666
UBERON:0001229	UMLS:C0227635
UBERON:0001230	UMLS:C0524448
UBERON:0001231	UMLS:C0022674
UBERON:0001232	UMLS:C0022675
UBERON:0001233	UMLS:C0229559
UBERON:0001234	UMLS:C0229560
UBERON:0001235	UMLS:C0001613
UBERON:0001236	UMLS:C0001629
UBERON:0001236	UMLS:C0376604
UBERON:0001237	UMLS:C0030378
UBERON:0001237	UMLS:C0442134
UBERON:0001238	UMLS:C1711325
UBERON:0001239	UMLS:C0734776
UBERON:0001241	UMLS:C0227267
UBERON:0001242	UMLS:C0021839
UBERON:0001244	UMLS:C0224394
UBERON:0001245	UMLS:C0003461
UBERON:0001246	UMLS:C0227515
UBERON:0001247	UMLS:C0230240
UBERON:0001248	UMLS:C0229685
UBERON:0001249	UMLS:C1519475
UBERON:0001250	UMLS:C0229687
UBERON:0001251	UMLS:C1711368
UBERON:0001255	UMLS:C0005682
UBERON:0001256	UMLS:C0458421
UBERON:0001257	UMLS:C0447586
UBERON:0001258	UMLS:C0227716
UBERON:0001259	UMLS:C0227691
UBERON:0001261	UMLS:C1706967
UBERON:0001262	UMLS:C1708548
UBERON:0001263	UMLS:C0227578
UBERON:0001264	UMLS:C0030274
UBERON:0001265	UMLS:C0229688
UBERON:0001266	UMLS:C0735011
UBERON:0001267	UMLS:C0015808
UBERON:0001269	UMLS:C0000962
UBERON:0001271	UMLS:C0684083
UBERON:0001273	UMLS:C0020889
UBERON:0001274	UMLS:C0022122
UBERON:0001275	UMLS:C0034014
UBERON:0001277	UMLS:C0226890
UBERON:0001279	UMLS:C0227514
UBERON:0001281	UMLS:C0227523
UBERON:0001282	UMLS:C0227517
UBERON:0001283	UMLS:C0005393
UBERON:0001285	UMLS:C0027713
UBERON:0001286	UMLS:C0227643
UBERON:0001287	UMLS:C1514580
UBERON:0001288	UMLS:C0023986
UBERON:0001288	UMLS:C0227657
UBERON:0001288	UMLS:C0227658
UBERON:0001289	UMLS:C0227657
UBERON:0001292	UMLS:C0022676
UBERON:0001295	UMLS:C0014180
UBERON:0001296	UMLS:C0027088
UBERON:0001297	UMLS:C0227824
UBERON:0001298	UMLS:C0224419
UBERON:0001299	UMLS:C0227948
UBERON:0001300	UMLS:C0036471
UBERON:0001301	UMLS:C0014533
UBERON:0001302	UMLS:C0227900
UBERON:0001303	UMLS:C0227902
UBERON:0001304	UMLS:C0227875
UBERON:0001305	UMLS:C0018120
UBERON:0001305	UMLS:C0600225
UBERON:0001305	UMLS:C1135971
UBERON:0001307	UMLS:C0227877
UBERON:0001308	UMLS:C0226398
UBERON:0001309	UMLS:C0226364
UBERON:0001310	UMLS:C0041632
UBERON:0001311	UMLS:C0226377
UBERON:0001312	UMLS:C0226376
UBERON:0001313	UMLS:C0226367
UBERON:0001314	UMLS:C0226369
UBERON:0001315	UMLS:C0226371
UBERON:0001316	UMLS:C0226761
UBERON:0001317	UMLS:C0226764
UBERON:0001320	UMLS:C0226760
UBERON:0001321	UMLS:C0226776
UBERON:0001322	UMLS:C0036394
UBERON:0001323	UMLS:C0040186
UBERON:0001323	UMLS:C0228940
UBERON:0001323	UMLS:C0936237
UBERON:0001324	UMLS:C0031173
UBERON:0001324	UMLS:C4316912
UBERON:0001326	UMLS:C0224384
UBERON:0001328	UMLS:C0227970
UBERON:0001332	UMLS:C0227952
UBERON:0001333	UMLS:C0458452
UBERON:0001334	UMLS:C0458485
UBERON:0001335	UMLS:C0458450
UBERON:0001339	UMLS:C0224401
UBERON:0001341	UMLS:C0230212
UBERON:0001342	UMLS:C0230310
UBERON:0001343	UMLS:C0036630
UBERON:0001343	UMLS:C1519236
UBERON:0001344	UMLS:C0920840
UBERON:0001346	UMLS:C0020412
UBERON:0001347	UMLS:C1704223
UBERON:0001348	UMLS:C0006298
UBERON:0001348	UMLS:C1720753
UBERON:0001350	UMLS:C0009194
UBERON:0001351	UMLS:C0229289
UBERON:0001352	UMLS:C0013444
UBERON:0001353	UMLS:C0230120
UBERON:0001354	UMLS:C0226401
UBERON:0001355	UMLS:C0226455
UBERON:0001357	UMLS:C0226393
UBERON:0001358	UMLS:C0226394
UBERON:0001359	UMLS:C0007806
UBERON:0001361	UMLS:C0015809
UBERON:0001363	UMLS:C0392907
UBERON:0001365	UMLS:C0036036
UBERON:0001367	UMLS:C0224395
UBERON:0001368	UMLS:C1518528
UBERON:0001369	UMLS:C0224418
UBERON:0001370	UMLS:C0224424
UBERON:0001371	UMLS:C0224425
UBERON:0001372	UMLS:C0224420
UBERON:0001373	UMLS:C0224434
UBERON:0001374	UMLS:C0224449
UBERON:0001375	UMLS:C0224453
UBERON:0001376	UMLS:C1384497
UBERON:0001377	UMLS:C0224440
UBERON:0001378	UMLS:C0584894
UBERON:0001379	UMLS:C0224444
UBERON:0001381	UMLS:C0224452
UBERON:0001382	UMLS:C0224447
UBERON:0001384	UMLS:C0026607
UBERON:0001385	UMLS:C1710423
UBERON:0001386	UMLS:C0224464
UBERON:0001387	UMLS:C0224469
UBERON:0001388	UMLS:C0242691
UBERON:0001389	UMLS:C0242694
UBERON:0001390	UMLS:C0226464
UBERON:0001391	UMLS:C0224457
UBERON:0001392	UMLS:C0224473
UBERON:0001393	UMLS:C0004302
UBERON:0001394	UMLS:C0004455
UBERON:0001395	UMLS:C0226420
UBERON:0001396	UMLS:C0226421
UBERON:0001397	UMLS:C0226422
UBERON:0001398	UMLS:C0006087
UBERON:0001401	UMLS:C0224307
UBERON:0001402	UMLS:C0224308
UBERON:0001403	UMLS:C0224309
UBERON:0001404	UMLS:C0162857
UBERON:0001405	UMLS:C0224311
UBERON:0001406	UMLS:C0162858
UBERON:0001407	UMLS:C0224316
UBERON:0001408	UMLS:C0224317
UBERON:0001409	UMLS:C0224318
UBERON:0001410	UMLS:C0226446
UBERON:0001411	UMLS:C0226801
UBERON:0001413	UMLS:C0226812
UBERON:0001416	UMLS:C0222166
UBERON:0001417	UMLS:C0205030
UBERON:0001419	UMLS:C1282135
UBERON:0001423	UMLS:C0034627
UBERON:0001424	UMLS:C0041600
UBERON:0001427	UMLS:C0223724
UBERON:0001428	UMLS:C0036624
UBERON:0001429	UMLS:C0223729
UBERON:0001430	UMLS:C0223736
UBERON:0001431	UMLS:C0223741
UBERON:0001432	UMLS:C0223733
UBERON:0001433	UMLS:C0560737
UBERON:0001434	UMLS:C0037253
UBERON:0001435	UMLS:C0007285
UBERON:0001436	UMLS:C0223792
UBERON:0001437	UMLS:C0014570
UBERON:0001437	UMLS:C1708734
UBERON:0001438	UMLS:C0222671
UBERON:0001439	UMLS:C0222661
UBERON:0001443	UMLS:C0817096
UBERON:0001443	UMLS:C1527391
UBERON:0001446	UMLS:C0016068
UBERON:0001447	UMLS:C0039316
UBERON:0001448	UMLS:C0025584
UBERON:0001449	UMLS:C0584876
UBERON:0001450	UMLS:C0006655
UBERON:0001451	UMLS:C0223947
UBERON:0001452	UMLS:C1512869
UBERON:0001453	UMLS:C1513292
UBERON:0001454	UMLS:C1517036
UBERON:0001455	UMLS:C0376381
UBERON:0001456	UMLS:C0015450
UBERON:0001457	UMLS:C0222088
UBERON:0001458	UMLS:C0222101
UBERON:0001459	UMLS:C0222110
UBERON:0001460	UMLS:C0446516
UBERON:0001461	UMLS:C0013769
UBERON:0001463	UMLS:C0040067
UBERON:0001464	UMLS:C0019552
UBERON:0001465	UMLS:C0022742
UBERON:0001466	UMLS:C0040357
UBERON:0001467	UMLS:C0037004
UBERON:0001468	UMLS:C1182940
UBERON:0001469	UMLS:C0038291
UBERON:0001470	UMLS:C0037009
UBERON:0001470	UMLS:C0224599
UBERON:0001473	UMLS:C0229889
UBERON:0001474	UMLS:C0262950
UBERON:0001476	UMLS:C0224234
UBERON:0001477	UMLS:C0584882
UBERON:0001478	UMLS:C0224232
UBERON:0001479	UMLS:C0036846
UBERON:0001484	UMLS:C0206207
UBERON:0001485	UMLS:C0022745
UBERON:0001486	UMLS:C0019558
UBERON:0001487	UMLS:C0021774
UBERON:0001487	UMLS:C1135949
UBERON:0001488	UMLS:C0003087
UBERON:0001488	UMLS:C0730182
UBERON:0001490	UMLS:C0013770
UBERON:0001491	UMLS:C1322271
UBERON:0001492	UMLS:C0034518
UBERON:0001493	UMLS:C0228885
UBERON:0001494	UMLS:C0041602
UBERON:0001495	UMLS:C0030747
UBERON:0001496	UMLS:C0003956
UBERON:0001502	UMLS:C0224295
UBERON:0001503	UMLS:C1744530
UBERON:0001505	UMLS:C0224246
UBERON:0001506	UMLS:C0224240
UBERON:0001507	UMLS:C0559499
UBERON:0001509	UMLS:C0559502
UBERON:0001510	UMLS:C0222275
UBERON:0001511	UMLS:C0222279
UBERON:0001512	UMLS:C0222286
UBERON:0001513	UMLS:C0222289
UBERON:0001514	UMLS:C0011666
UBERON:0001515	UMLS:C0003489
UBERON:0001515	UMLS:C0011666
UBERON:0001515	UMLS:C1522460
UBERON:0001516	UMLS:C0003484
UBERON:0001517	UMLS:C0222213
UBERON:0001518	UMLS:C0222223
UBERON:0001519	UMLS:C0222224
UBERON:0001520	UMLS:C0224249
UBERON:0001521	UMLS:C0224252
UBERON:0001522	UMLS:C0224254
UBERON:0001523	UMLS:C0224261
UBERON:0001524	UMLS:C0224266
UBERON:0001525	UMLS:C0224267
UBERON:0001526	UMLS:C0224272
UBERON:0001527	UMLS:C0224278
UBERON:0001529	UMLS:C0006094
UBERON:0001530	UMLS:C0162859
UBERON:0001531	UMLS:C0226086
UBERON:0001532	UMLS:C0007276
UBERON:0001533	UMLS:C0038530
UBERON:0001534	UMLS:C0226261
UBERON:0001535	UMLS:C0042559
UBERON:0001536	UMLS:C0226087
UBERON:0001537	UMLS:C0085816
UBERON:0001538	UMLS:C0086835
UBERON:0001539	UMLS:C0226492
UBERON:0001540	UMLS:C0226476
UBERON:0001541	UMLS:C0226479
UBERON:0001542	UMLS:C0729596
UBERON:0001543	UMLS:C0588057
UBERON:0001544	UMLS:C0032652
UBERON:0001545	UMLS:C0226833
UBERON:0001546	UMLS:C0226832
UBERON:0001547	UMLS:C0226827
UBERON:0001549	UMLS:C0835053
UBERON:0001553	UMLS:C0226495
UBERON:0001555	UMLS:C0017189
UBERON:0001561	UMLS:C0226293
UBERON:0001562	UMLS:C0224155
UBERON:0001563	UMLS:C0224107
UBERON:0001564	UMLS:C0224159
UBERON:0001565	UMLS:C0224160
UBERON:0001566	UMLS:C0224178
UBERON:0001567	UMLS:C0007966
UBERON:0001568	UMLS:C0023054
UBERON:0001568	UMLS:C0224177
UBERON:0001568	UMLS:C0224178
UBERON:0001568	UMLS:C0224181
UBERON:0001568	UMLS:C0224182
UBERON:0001568	UMLS:C0224183
UBERON:0001568	UMLS:C0448336
UBERON:0001568	UMLS:C1510945
UBERON:0001571	UMLS:C0224194
UBERON:0001572	UMLS:C0224196
UBERON:0001573	UMLS:C0224195
UBERON:0001574	UMLS:C1704249
UBERON:0001577	UMLS:C0015460
UBERON:0001577	UMLS:C0086625
UBERON:0001578	UMLS:C0224122
UBERON:0001579	UMLS:C0028938
UBERON:0001579	UMLS:C1268984
UBERON:0001580	UMLS:C1704248
UBERON:0001581	UMLS:C0224119
UBERON:0001582	UMLS:C0224121
UBERON:0001584	UMLS:C0226262
UBERON:0001585	UMLS:C0042459
UBERON:0001586	UMLS:C0226550
UBERON:0001587	UMLS:C0038532
UBERON:0001588	UMLS:C0226560
UBERON:0001589	UMLS:C0226633
UBERON:0001590	UMLS:C0501112
UBERON:0001591	UMLS:C0226698
UBERON:0001592	UMLS:C0226650
UBERON:0001594	UMLS:C0004526
UBERON:0001597	UMLS:C0024876
UBERON:0001598	UMLS:C0039487
UBERON:0001599	UMLS:C0038151
UBERON:0001600	UMLS:C0039529
UBERON:0001602	UMLS:C0582820
UBERON:0001603	UMLS:C0582821
UBERON:0001604	UMLS:C0224134
UBERON:0001605	UMLS:C0559230
UBERON:0001607	UMLS:C0229189
UBERON:0001608	UMLS:C0229190
UBERON:0001609	UMLS:C0229583
UBERON:0001610	UMLS:C0226104
UBERON:0001611	UMLS:C0226106
UBERON:0001612	UMLS:C0226109
UBERON:0001613	UMLS:C0226117
UBERON:0001615	UMLS:C0226132
UBERON:0001616	UMLS:C0024949
UBERON:0001617	UMLS:C0226144
UBERON:0001618	UMLS:C0226151
UBERON:0001619	UMLS:C0029078
UBERON:0001620	UMLS:C0035301
UBERON:0001621	UMLS:C0205042
UBERON:0001622	UMLS:C0226171
UBERON:0001623	UMLS:C0226194
UBERON:0001624	UMLS:C0149561
UBERON:0001625	UMLS:C1261316
UBERON:0001626	UMLS:C1261082
UBERON:0001627	UMLS:C0149566
UBERON:0001628	UMLS:C0149559
UBERON:0001629	UMLS:C0007277
UBERON:0001631	UMLS:C0039979
UBERON:0001632	UMLS:C0039482
UBERON:0001633	UMLS:C0004811
UBERON:0001635	UMLS:C0149575
UBERON:0001636	UMLS:C0149576
UBERON:0001637	UMLS:C0003842
UBERON:0001638	UMLS:C0042449
UBERON:0001640	UMLS:C0007569
UBERON:0001642	UMLS:C0226859
UBERON:0001643	UMLS:C0028864
UBERON:0001644	UMLS:C0041159
UBERON:0001645	UMLS:C0040996
UBERON:0001646	UMLS:C0000741
UBERON:0001647	UMLS:C0015462
UBERON:0001647	UMLS:C0228743
UBERON:0001648	UMLS:C0001162
UBERON:0001648	UMLS:C1278835
UBERON:0001649	UMLS:C0017679
UBERON:0001649	UMLS:C1305752
UBERON:0001650	UMLS:C0020614
UBERON:0001651	UMLS:C0923924
UBERON:0001652	UMLS:C0923925
UBERON:0001653	UMLS:C0226532
UBERON:0001654	UMLS:C0226535
UBERON:0001655	UMLS:C0226541
UBERON:0001656	UMLS:C0226520
UBERON:0001657	UMLS:C0226521
UBERON:0001660	UMLS:C0226524
UBERON:0001661	UMLS:C0226526
UBERON:0001662	UMLS:C0226527
UBERON:0001663	UMLS:C0004789
UBERON:0001663	UMLS:C0007797
UBERON:0001663	UMLS:C0031870
UBERON:0001663	UMLS:C0039027
UBERON:0001663	UMLS:C0039728
UBERON:0001663	UMLS:C0042448
UBERON:0001665	UMLS:C0224458
UBERON:0001666	UMLS:C1261048
UBERON:0001667	UMLS:C1711425
UBERON:0001668	UMLS:C0226601
UBERON:0001671	UMLS:C0924206
UBERON:0001673	UMLS:C0035327
UBERON:0001674	UMLS:C0925179
UBERON:0001675	UMLS:C0040995
UBERON:0001676	UMLS:C0004814
UBERON:0001676	UMLS:C0028784
UBERON:0001677	UMLS:C0037884
UBERON:0001678	UMLS:C0039484
UBERON:0001679	UMLS:C0010316
UBERON:0001679	UMLS:C0015027
UBERON:0001680	UMLS:C0222733
UBERON:0001681	UMLS:C0027422
UBERON:0001682	UMLS:C0222734
UBERON:0001684	UMLS:C0024687
UBERON:0001684	UMLS:C0930313
UBERON:0001685	UMLS:C0020417
UBERON:0001686	UMLS:C0013450
UBERON:0001687	UMLS:C0038152
UBERON:0001688	UMLS:C0021181
UBERON:0001689	UMLS:C0024631
UBERON:0001690	UMLS:C0013443
UBERON:0001690	UMLS:C0521421
UBERON:0001691	UMLS:C0013453
UBERON:0001691	UMLS:C1269548
UBERON:0001694	UMLS:C0031266
UBERON:0001694	UMLS:C1261761
UBERON:0001697	UMLS:C0029180
UBERON:0001700	UMLS:C0017406
UBERON:0001700	UMLS:C0228761
UBERON:0001700	UMLS:C0459297
UBERON:0001700	UMLS:C1744550
UBERON:0001700	UMLS:C4505385
UBERON:0001702	UMLS:C0015422
UBERON:0001705	UMLS:C0027342
UBERON:0001705	UMLS:C0222001
UBERON:0001705	UMLS:C0222007
UBERON:0001706	UMLS:C0027432
UBERON:0001707	UMLS:C0027423
UBERON:0001708	UMLS:C0022359
UBERON:0001710	UMLS:C0024687
UBERON:0001710	UMLS:C0930313
UBERON:0001711	UMLS:C0015426
UBERON:0001712	UMLS:C0585636
UBERON:0001713	UMLS:C0229258
UBERON:0001715	UMLS:C0228686
UBERON:0001716	UMLS:C0447422
UBERON:0001716	UMLS:C0700374
UBERON:0001716	UMLS:C1519217
UBERON:0001717	UMLS:C0041000
UBERON:0001718	UMLS:C0228702
UBERON:0001719	UMLS:C0152400
UBERON:0001719	UMLS:C1281211
UBERON:0001720	UMLS:C0152411
UBERON:0001721	UMLS:C0175498
UBERON:0001722	UMLS:C0036385
UBERON:0001723	UMLS:C0040408
UBERON:0001724	UMLS:C0037885
UBERON:0001726	UMLS:C0226964
UBERON:0001726	UMLS:C1289183
UBERON:0001727	UMLS:C0039337
UBERON:0001728	UMLS:C0027442
UBERON:0001729	UMLS:C0521367
UBERON:0001732	UMLS:C0001428
UBERON:0001733	UMLS:C0030219
UBERON:0001734	UMLS:C0042173
UBERON:0001735	UMLS:C0459892
UBERON:0001736	UMLS:C0038556
UBERON:0001737	UMLS:C0023078
UBERON:0001737	UMLS:C0225578
UBERON:0001737	UMLS:C0225579
UBERON:0001738	UMLS:C0040126
UBERON:0001739	UMLS:C0023050
UBERON:0001740	UMLS:C0003943
UBERON:0001741	UMLS:C0225556
UBERON:0001742	UMLS:C0458526
UBERON:0001743	UMLS:C0458519
UBERON:0001744	UMLS:C0024296
UBERON:0001746	UMLS:C0229575
UBERON:0001748	UMLS:C0927176
UBERON:0001750	UMLS:C0022903
UBERON:0001750	UMLS:C0022907
UBERON:0001750	UMLS:C0229246
UBERON:0001750	UMLS:C0229247
UBERON:0001750	UMLS:C0229271
UBERON:0001750	UMLS:C0229288
UBERON:0001750	UMLS:C0459624
UBERON:0001751	UMLS:C0011429
UBERON:0001752	UMLS:C0011350
UBERON:0001753	UMLS:C0011343
UBERON:0001754	UMLS:C0011399
UBERON:0001756	UMLS:C0013455
UBERON:0001756	UMLS:C0242255
UBERON:0001756	UMLS:C1268972
UBERON:0001757	UMLS:C0928075
UBERON:0001758	UMLS:C0031093
UBERON:0001759	UMLS:C0042276
UBERON:0001759	UMLS:C1305910
UBERON:0001760	UMLS:C0016734
UBERON:0001762	UMLS:C1266928
UBERON:0001764	UMLS:C0024957
UBERON:0001765	UMLS:C0222613
UBERON:0001766	UMLS:C0003151
UBERON:0001767	UMLS:C0229094
UBERON:0001768	UMLS:C0042160
UBERON:0001769	UMLS:C0022077
UBERON:0001770	UMLS:C0459631
UBERON:0001771	UMLS:C0034121
UBERON:0001772	UMLS:C0459875
UBERON:0001773	UMLS:C0036410
UBERON:0001775	UMLS:C0008779
UBERON:0001776	UMLS:C0008520
UBERON:0001777	UMLS:C0010040
UBERON:0001778	UMLS:C0459736
UBERON:0001780	UMLS:C0037941
UBERON:0001781	UMLS:C0459649
UBERON:0001782	UMLS:C0035322
UBERON:0001783	UMLS:C0029127
UBERON:0001783	UMLS:C0344233
UBERON:0001785	UMLS:C0010268
UBERON:0001785	UMLS:C1269897
UBERON:0001786	UMLS:C0016622
UBERON:0001786	UMLS:C0450290
UBERON:0001787	UMLS:C0229206
UBERON:0001788	UMLS:C1518685
UBERON:0001789	UMLS:C0229210
UBERON:0001790	UMLS:C0229217
UBERON:0001791	UMLS:C0229211
UBERON:0001794	UMLS:C1512783
UBERON:0001795	UMLS:C0229221
UBERON:0001796	UMLS:C0003662
UBERON:0001796	UMLS:C0524490
UBERON:0001797	UMLS:C0229096
UBERON:0001798	UMLS:C0042905
UBERON:0001799	UMLS:C0229095
UBERON:0001800	UMLS:C0206429
UBERON:0001801	UMLS:C0003153
UBERON:0001802	UMLS:C0278450
UBERON:0001804	UMLS:C0229232
UBERON:0001805	UMLS:C0017068
UBERON:0001806	UMLS:C0017071
UBERON:0001808	UMLS:C0017069
UBERON:0001809	UMLS:C0501399
UBERON:0001810	UMLS:C0501403
UBERON:0001811	UMLS:C0009758
UBERON:0001812	UMLS:C0229274
UBERON:0001813	UMLS:C0228603
UBERON:0001814	UMLS:C0006090
UBERON:0001815	UMLS:C0024093
UBERON:0001815	UMLS:C0205826
UBERON:0001815	UMLS:C0205827
UBERON:0001817	UMLS:C0022907
UBERON:0001818	UMLS:C0025181
UBERON:0001820	UMLS:C0038989
UBERON:0001821	UMLS:C0036505
UBERON:0001823	UMLS:C0225415
UBERON:0001824	UMLS:C0023053
UBERON:0001824	UMLS:C0751258
UBERON:0001825	UMLS:C0030471
UBERON:0001827	UMLS:C0039409
UBERON:0001828	UMLS:C0017562
UBERON:0001829	UMLS:C0930553
UBERON:0001830	UMLS:C0036099
UBERON:0001831	UMLS:C0030580
UBERON:0001832	UMLS:C0038553
UBERON:0001833	UMLS:C0023759
UBERON:0001833	UMLS:C0226931
UBERON:0001835	UMLS:C0458583
UBERON:0001836	UMLS:C0036087
UBERON:0001837	UMLS:C0227458
UBERON:0001837	UMLS:C0227472
UBERON:0001837	UMLS:C0282582
UBERON:0001839	UMLS:C0458699
UBERON:0001840	UMLS:C0036622
UBERON:0001841	UMLS:C1288332
UBERON:0001842	UMLS:C0229454
UBERON:0001844	UMLS:C0009195
UBERON:0001844	UMLS:C1278895
UBERON:0001845	UMLS:C0031059
UBERON:0001846	UMLS:C0022889
UBERON:0001846	UMLS:C0458699
UBERON:0001846	UMLS:C0458700
UBERON:0001846	UMLS:C1268973
UBERON:0001847	UMLS:C0229315
UBERON:0001849	UMLS:C0458700
UBERON:0001852	UMLS:C0014166
UBERON:0001853	UMLS:C0042158
UBERON:0001854	UMLS:C0036029
UBERON:0001855	UMLS:C1281166
UBERON:0001855	UMLS:C1323110
UBERON:0001856	UMLS:C1323109
UBERON:0001860	UMLS:C0014167
UBERON:0001862	UMLS:C0042606
UBERON:0001864	UMLS:C0036264
UBERON:0001866	UMLS:C0036511
UBERON:0001867	UMLS:C0013445
UBERON:0001869	UMLS:C0228174
UBERON:0001869	UMLS:C0242202
UBERON:0001871	UMLS:C0039485
UBERON:0001871	UMLS:C1268978
UBERON:0001872	UMLS:C0030560
UBERON:0001873	UMLS:C0007461
UBERON:0001874	UMLS:C0034169
UBERON:0001875	UMLS:C0017651
UBERON:0001876	UMLS:C0002708
UBERON:0001877	UMLS:C0175233
UBERON:0001878	UMLS:C0694603
UBERON:0001879	UMLS:C0175227
UBERON:0001880	UMLS:C0228365
UBERON:0001881	UMLS:C0262264
UBERON:0001882	UMLS:C0028633
UBERON:0001884	UMLS:C0031774
UBERON:0001885	UMLS:C0152314
UBERON:0001886	UMLS:C0008524
UBERON:0001887	UMLS:C0152341
UBERON:0001888	UMLS:C0152330
UBERON:0001890	UMLS:C0085140
UBERON:0001891	UMLS:C0025462
UBERON:0001893	UMLS:C0039452
UBERON:0001894	UMLS:C0012144
UBERON:0001895	UMLS:C0376353
UBERON:0001895	UMLS:C1516904
UBERON:0001896	UMLS:C0025148
UBERON:0001896	UMLS:C0152397
UBERON:0001896	UMLS:C0152400
UBERON:0001896	UMLS:C0228544
UBERON:0001896	UMLS:C1269575
UBERON:0001897	UMLS:C0039729
UBERON:0001898	UMLS:C0020663
UBERON:0001899	UMLS:C0152361
UBERON:0001900	UMLS:C0152349
UBERON:0001901	UMLS:C1179002
UBERON:0001904	UMLS:C0152362
UBERON:0001905	UMLS:C0031939
UBERON:0001906	UMLS:C0152355
UBERON:0001908	UMLS:C0042829
UBERON:0001908	UMLS:C0152405
UBERON:0001909	UMLS:C0152363
UBERON:0001910	UMLS:C0025055
UBERON:0001911	UMLS:C0024659
UBERON:0001911	UMLS:C0242386
UBERON:0001911	UMLS:C0929301
UBERON:0001913	UMLS:C1511310
UBERON:0001914	UMLS:C0009413
UBERON:0001915	UMLS:C0006904
UBERON:0001916	UMLS:C1179024
UBERON:0001917	UMLS:C1179025
UBERON:0001918	UMLS:C1179026
UBERON:0001919	UMLS:C1179027
UBERON:0001920	UMLS:C0175253
UBERON:0001921	UMLS:C0228327
UBERON:0001922	UMLS:C0228352
UBERON:0001923	UMLS:C0920328
UBERON:0001924	UMLS:C0228354
UBERON:0001925	UMLS:C0228339
UBERON:0001926	UMLS:C0086526
UBERON:0001927	UMLS:C0086596
UBERON:0001928	UMLS:C0033063
UBERON:0001928	UMLS:C1284641
UBERON:0001929	UMLS:C0038869
UBERON:0001930	UMLS:C0030532
UBERON:0001931	UMLS:C0175312
UBERON:0001931	UMLS:C1289556
UBERON:0001932	UMLS:C0003741
UBERON:0001933	UMLS:C0262326
UBERON:0001934	UMLS:C0013055
UBERON:0001935	UMLS:C0042518
UBERON:0001936	UMLS:C0228377
UBERON:0001936	UMLS:C1289549
UBERON:0001937	UMLS:C0086527
UBERON:0001938	UMLS:C0152357
UBERON:0001938	UMLS:C1289570
UBERON:0001939	UMLS:C0175329
UBERON:0001939	UMLS:C1289568
UBERON:0001940	UMLS:C0228378
UBERON:0001940	UMLS:C1289571
UBERON:0001941	UMLS:C0228390
UBERON:0001942	UMLS:C0228389
UBERON:0001943	UMLS:C0039441
UBERON:0001944	UMLS:C0175354
UBERON:0001945	UMLS:C0228405
UBERON:0001946	UMLS:C0228411
UBERON:0001947	UMLS:C0034910
UBERON:0001948	UMLS:C1268166
UBERON:0001949	UMLS:C1179154
UBERON:0001950	UMLS:C0175173
UBERON:0001951	UMLS:C1179157
UBERON:0001952	UMLS:C1179158
UBERON:0001953	UMLS:C0175194
UBERON:0001954	UMLS:C0019564
UBERON:0001955	UMLS:C1179179
UBERON:0001956	UMLS:C0225604
UBERON:0001957	UMLS:C0225601
UBERON:0001958	UMLS:C1179400
UBERON:0001959	UMLS:C0229686
UBERON:0001961	UMLS:C0599921
UBERON:0001962	UMLS:C0596638
UBERON:0001963	UMLS:C1179418
UBERON:0001965	UMLS:C0175412
UBERON:0001966	UMLS:C0175413
UBERON:0001968	UMLS:C0242499
UBERON:0001968	UMLS:C1518159
UBERON:0001968	UMLS:C2756969
UBERON:0001969	UMLS:C0016709
UBERON:0001969	UMLS:C0032105
UBERON:0001970	UMLS:C0005388
UBERON:0001970	UMLS:C0282074
UBERON:0001971	UMLS:C0017133
UBERON:0001974	UMLS:C1707949
UBERON:0001976	UMLS:C1179544
UBERON:0001977	UMLS:C0229671
UBERON:0001979	UMLS:C0042520
UBERON:0001980	UMLS:C0003847
UBERON:0001981	UMLS:C0005847
UBERON:0001982	UMLS:C0935624
UBERON:0001983	UMLS:C1621887
UBERON:0001984	UMLS:C1179777
UBERON:0001985	UMLS:C0014258
UBERON:0001985	UMLS:C0014259
UBERON:0001985	UMLS:C0078959
UBERON:0001986	UMLS:C0014257
UBERON:0001987	UMLS:C0032043
UBERON:0001988	UMLS:C0015733
UBERON:0001989	UMLS:C0206257
UBERON:0001990	UMLS:C0228999
UBERON:0001992	UMLS:C0221930
UBERON:0001992	UMLS:C0682598
UBERON:0001993	UMLS:C0682599
UBERON:0001993	UMLS:C1514988
UBERON:0001994	UMLS:C0225362
UBERON:0001995	UMLS:C0684077
UBERON:0001996	UMLS:C0682559
UBERON:0001997	UMLS:C0599332
UBERON:0001998	UMLS:C1305902
UBERON:0001999	UMLS:C0224417
UBERON:0002000	UMLS:C1744702
UBERON:0002001	UMLS:C1261194
UBERON:0002005	UMLS:C0206111
UBERON:0002006	UMLS:C0933402
UBERON:0002008	UMLS:C0459528
UBERON:0002010	UMLS:C0007572
UBERON:0002011	UMLS:C0933449
UBERON:0002012	UMLS:C0034052
UBERON:0002014	UMLS:C0205797
UBERON:0002015	UMLS:C0227637
UBERON:0002016	UMLS:C0034090
UBERON:0002017	UMLS:C0032718
UBERON:0002018	UMLS:C0039099
UBERON:0002019	UMLS:C0000905
UBERON:0002019	UMLS:C1305777
UBERON:0002020	UMLS:C0018220
UBERON:0002021	UMLS:C0028785
UBERON:0002022	UMLS:C0021640
UBERON:0002023	UMLS:C0008910
UBERON:0002024	UMLS:C0459526
UBERON:0002025	UMLS:C0221925
UBERON:0002026	UMLS:C0221924
UBERON:0002027	UMLS:C0221921
UBERON:0002028	UMLS:C0035507
UBERON:0002028	UMLS:C1522180
UBERON:0002029	UMLS:C1180206
UBERON:0002030	UMLS:C0028109
UBERON:0002030	UMLS:C0222608
UBERON:0002031	UMLS:C0599333
UBERON:0002032	UMLS:C0222608
UBERON:0002034	UMLS:C0038866
UBERON:0002034	UMLS:C1289559
UBERON:0002035	UMLS:C0175313
UBERON:0002035	UMLS:C1289555
UBERON:0002036	UMLS:C1331262
UBERON:0002037	UMLS:C0007765
UBERON:0002037	UMLS:C1268981
UBERON:0002038	UMLS:C0038590
UBERON:0002038	UMLS:C1269578
UBERON:0002040	UMLS:C0006257
UBERON:0002042	UMLS:C0014260
UBERON:0002042	UMLS:C1180786
UBERON:0002043	UMLS:C0175392
UBERON:0002044	UMLS:C0262291
UBERON:0002045	UMLS:C0228548
UBERON:0002045	UMLS:C0587939
UBERON:0002046	UMLS:C0040132
UBERON:0002047	UMLS:C0175423
UBERON:0002048	UMLS:C0024109
UBERON:0002050	UMLS:C0013935
UBERON:0002050	UMLS:C0013948
UBERON:0002050	UMLS:C0524585
UBERON:0002051	UMLS:C1181296
UBERON:0002052	UMLS:C1181304
UBERON:0002053	UMLS:C0043518
UBERON:0002054	UMLS:C0043517
UBERON:0002055	UMLS:C0043520
UBERON:0002056	UMLS:C0226334
UBERON:0002057	UMLS:C1181536
UBERON:0002059	UMLS:C0229063
UBERON:0002060	UMLS:C0015801
UBERON:0002061	UMLS:C0041206
UBERON:0002061	UMLS:C1519589
UBERON:0002063	UMLS:C0225857
UBERON:0002063	UMLS:C0231084
UBERON:0002064	UMLS:C0231083
UBERON:0002065	UMLS:C0231087
UBERON:0002066	UMLS:C0041637
UBERON:0002067	UMLS:C0011646
UBERON:0002068	UMLS:C0041916
UBERON:0002069	UMLS:C0221923
UBERON:0002070	UMLS:C0226317
UBERON:0002071	UMLS:C0221922
UBERON:0002071	UMLS:C1514985
UBERON:0002072	UMLS:C0278403
UBERON:0002073	UMLS:C0221971
UBERON:0002074	UMLS:C0221961
UBERON:0002075	UMLS:C0042779
UBERON:0002078	UMLS:C0225844
UBERON:0002079	UMLS:C0225860
UBERON:0002080	UMLS:C0225883
UBERON:0002081	UMLS:C0018792
UBERON:0002081	UMLS:C0225844
UBERON:0002081	UMLS:C0225860
UBERON:0002082	UMLS:C0018827
UBERON:0002082	UMLS:C0225883
UBERON:0002082	UMLS:C0225897
UBERON:0002083	UMLS:C1288338
UBERON:0002084	UMLS:C0225897
UBERON:0002085	UMLS:C0225836
UBERON:0002091	UMLS:C0222646
UBERON:0002092	UMLS:C0459393
UBERON:0002093	UMLS:C0228124
UBERON:0002094	UMLS:C0225870
UBERON:0002095	UMLS:C0025474
UBERON:0002097	UMLS:C1123023
UBERON:0002098	UMLS:C0225811
UBERON:0002099	UMLS:C0018819
UBERON:0002100	UMLS:C0460005
UBERON:0002101	UMLS:C0015385
UBERON:0002102	UMLS:C0016555
UBERON:0002102	UMLS:C1140618
UBERON:0002103	UMLS:C0023216
UBERON:0002103	UMLS:C1522391
UBERON:0002104	UMLS:C0587900
UBERON:0002106	UMLS:C0037993
UBERON:0002107	UMLS:C0023884
UBERON:0002108	UMLS:C0021852
UBERON:0002110	UMLS:C0016976
UBERON:0002111	UMLS:C1706851
UBERON:0002113	UMLS:C0022646
UBERON:0002114	UMLS:C0013303
UBERON:0002115	UMLS:C0022378
UBERON:0002116	UMLS:C0020885
UBERON:0002118	UMLS:C0227873
UBERON:0002119	UMLS:C0227874
UBERON:0002120	UMLS:C0231048
UBERON:0002122	UMLS:C0229945
UBERON:0002123	UMLS:C0229948
UBERON:0002124	UMLS:C0229949
UBERON:0002125	UMLS:C1522462
UBERON:0002127	UMLS:C0228540
UBERON:0002128	UMLS:C0175427
UBERON:0002129	UMLS:C0007759
UBERON:0002129	UMLS:C1284087
UBERON:0002130	UMLS:C0007763
UBERON:0002130	UMLS:C0086120
UBERON:0002130	UMLS:C0175487
UBERON:0002130	UMLS:C0175488
UBERON:0002130	UMLS:C0175489
UBERON:0002130	UMLS:C0175490
UBERON:0002132	UMLS:C0086120
UBERON:0002134	UMLS:C0040960
UBERON:0002135	UMLS:C0026264
UBERON:0002136	UMLS:C1134421
UBERON:0002137	UMLS:C0003501
UBERON:0002138	UMLS:C0228391
UBERON:0002139	UMLS:C0038533
UBERON:0002140	UMLS:C0262301
UBERON:0002141	UMLS:C0228416
UBERON:0002142	UMLS:C0262306
UBERON:0002143	UMLS:C0175393
UBERON:0002144	UMLS:C0152368
UBERON:0002145	UMLS:C0175398
UBERON:0002146	UMLS:C0034086
UBERON:0002148	UMLS:C0023951
UBERON:0002149	UMLS:C0175447
UBERON:0002150	UMLS:C0152391
UBERON:0002151	UMLS:C0228448
UBERON:0002152	UMLS:C0152392
UBERON:0002153	UMLS:C0175490
UBERON:0002156	UMLS:C0175515
UBERON:0002157	UMLS:C0175517
UBERON:0002160	UMLS:C0152399
UBERON:0002160	UMLS:C1289505
UBERON:0002161	UMLS:C0228546
UBERON:0002162	UMLS:C0228530
UBERON:0002162	UMLS:C1289468
UBERON:0002163	UMLS:C0152393
UBERON:0002164	UMLS:C0152378
UBERON:0002165	UMLS:C0014124
UBERON:0002167	UMLS:C0225706
UBERON:0002168	UMLS:C0225730
UBERON:0002169	UMLS:C0225691
UBERON:0002170	UMLS:C1261074
UBERON:0002171	UMLS:C1261075
UBERON:0002173	UMLS:C0391892
UBERON:0002174	UMLS:C0225757
UBERON:0002177	UMLS:C0225608
UBERON:0002178	UMLS:C0225630
UBERON:0002181	UMLS:C0038588
UBERON:0002182	UMLS:C0024496
UBERON:0002183	UMLS:C0225653
UBERON:0002184	UMLS:C0444439
UBERON:0002185	UMLS:C0006255
UBERON:0002185	UMLS:C0024496
UBERON:0002185	UMLS:C0225653
UBERON:0002185	UMLS:C0444439
UBERON:0002186	UMLS:C0006270
UBERON:0002187	UMLS:C0225666
UBERON:0002188	UMLS:C1261270
UBERON:0002191	UMLS:C0152316
UBERON:0002192	UMLS:C0262212
UBERON:0002194	UMLS:C0229699
UBERON:0002195	UMLS:C1184179
UBERON:0002196	UMLS:C0032008
UBERON:0002196	UMLS:C1280369
UBERON:0002197	UMLS:C0025056
UBERON:0002198	UMLS:C0032009
UBERON:0002198	UMLS:C1280368
UBERON:0002202	UMLS:C0225586
UBERON:0002204	UMLS:C0026860
UBERON:0002205	UMLS:C0024764
UBERON:0002205	UMLS:C1710195
UBERON:0002206	UMLS:C0024670
UBERON:0002206	UMLS:C1305759
UBERON:0002207	UMLS:C0043356
UBERON:0002211	UMLS:C0228084
UBERON:0002212	UMLS:C0229468
UBERON:0002214	UMLS:C0229451
UBERON:0002221	UMLS:C0224548
UBERON:0002223	UMLS:C0014168
UBERON:0002224	UMLS:C0230139
UBERON:0002225	UMLS:C0230143
UBERON:0002226	UMLS:C0004816
UBERON:0002227	UMLS:C0029207
UBERON:0002228	UMLS:C0035561
UBERON:0002230	UMLS:C0222806
UBERON:0002231	UMLS:C0448161
UBERON:0002233	UMLS:C0039432
UBERON:0002233	UMLS:C1184928
UBERON:0002234	UMLS:C0730117
UBERON:0002235	UMLS:C0222809
UBERON:0002236	UMLS:C0222787
UBERON:0002240	UMLS:C0037925
UBERON:0002240	UMLS:C0149601
UBERON:0002240	UMLS:C0228120
UBERON:0002240	UMLS:C0228121
UBERON:0002240	UMLS:C3852946
UBERON:0002240	UMLS:C3853027
UBERON:0002240	UMLS:C3853028
UBERON:0002240	UMLS:C3853029
UBERON:0002243	UMLS:C1185726
UBERON:0002245	UMLS:C0228465
UBERON:0002249	UMLS:C0687034
UBERON:0002250	UMLS:C0032649
UBERON:0002251	UMLS:C0224304
UBERON:0002252	UMLS:C1185944
UBERON:0002254	UMLS:C0231104
UBERON:0002256	UMLS:C0228564
UBERON:0002256	UMLS:C0228575
UBERON:0002257	UMLS:C0228569
UBERON:0002257	UMLS:C0228590
UBERON:0002259	UMLS:C0010087
UBERON:0002260	UMLS:C0205956
UBERON:0002261	UMLS:C0205955
UBERON:0002262	UMLS:C0007571
UBERON:0002263	UMLS:C0162342
UBERON:0002264	UMLS:C0028936
UBERON:0002265	UMLS:C0162435
UBERON:0002266	UMLS:C0175225
UBERON:0002275	UMLS:C0035284
UBERON:0002279	UMLS:C0042593
UBERON:0002280	UMLS:C0029894
UBERON:0002282	UMLS:C0038445
UBERON:0002282	UMLS:C0229477
UBERON:0002285	UMLS:C0152279
UBERON:0002285	UMLS:C3498657
UBERON:0002286	UMLS:C0149555
UBERON:0002288	UMLS:C0152291
UBERON:0002289	UMLS:C0007769
UBERON:0002290	UMLS:C0152293
UBERON:0002291	UMLS:C0459414
UBERON:0002292	UMLS:C0224681
UBERON:0002293	UMLS:C0224683
UBERON:0002294	UMLS:C0005423
UBERON:0002297	UMLS:C0740486
UBERON:0002298	UMLS:C0006121
UBERON:0002299	UMLS:C0034051
UBERON:0002303	UMLS:C0022445
UBERON:0002306	UMLS:C0225392
UBERON:0002307	UMLS:C0152289
UBERON:0002308	UMLS:C1706993
UBERON:0002310	UMLS:C0152315
UBERON:0002314	UMLS:C0039433
UBERON:0002315	UMLS:C0475853
UBERON:0002316	UMLS:C0682708
UBERON:0002317	UMLS:C0152381
UBERON:0002318	UMLS:C0458457
UBERON:0002319	UMLS:C0017655
UBERON:0002323	UMLS:C0333343
UBERON:0002325	UMLS:C1710584
UBERON:0002328	UMLS:C0028439
UBERON:0002329	UMLS:C0376449
UBERON:0002330	UMLS:C1516995
UBERON:0002331	UMLS:C0041633
UBERON:0002334	UMLS:C0227472
UBERON:0002335	UMLS:C0227662
UBERON:0002336	UMLS:C0010090
UBERON:0002337	UMLS:C0227849
UBERON:0002338	UMLS:C1707054
UBERON:0002342	UMLS:C0027789
UBERON:0002346	UMLS:C1518271
UBERON:0002347	UMLS:C0039987
UBERON:0002348	UMLS:C0225968
UBERON:0002349	UMLS:C0027061
UBERON:0002350	UMLS:C0018796
UBERON:0002351	UMLS:C0037189
UBERON:0002352	UMLS:C0004247
UBERON:0002353	UMLS:C0006382
UBERON:0002353	UMLS:C1956251
UBERON:0002353	UMLS:C1956252
UBERON:0002353	UMLS:C1961119
UBERON:0002353	UMLS:C1961120
UBERON:0002354	UMLS:C0034144
UBERON:0002355	UMLS:C0030797
UBERON:0002356	UMLS:C0031066
UBERON:0002358	UMLS:C0031153
UBERON:0002360	UMLS:C0025285
UBERON:0002361	UMLS:C0031869
UBERON:0002362	UMLS:C0003707
UBERON:0002362	UMLS:C1510935
UBERON:0002363	UMLS:C0013313
UBERON:0002363	UMLS:C0228122
UBERON:0002364	UMLS:C0041445
UBERON:0002365	UMLS:C0015282
UBERON:0002366	UMLS:C0006366
UBERON:0002367	UMLS:C0033572
UBERON:0002368	UMLS:C0014133
UBERON:0002369	UMLS:C0001625
UBERON:0002370	UMLS:C0040113
UBERON:0002371	UMLS:C0005953
UBERON:0002371	UMLS:C0229624
UBERON:0002371	UMLS:C0229625
UBERON:0002371	UMLS:C0376152
UBERON:0002372	UMLS:C0836921
UBERON:0002372	UMLS:C1519547
UBERON:0002372	UMLS:C1519548
UBERON:0002373	UMLS:C0040421
UBERON:0002374	UMLS:C0025526
UBERON:0002375	UMLS:C0010323
UBERON:0002377	UMLS:C0027532
UBERON:0002378	UMLS:C0000739
UBERON:0002378	UMLS:C0224374
UBERON:0002378	UMLS:C0224377
UBERON:0002378	UMLS:C0224378
UBERON:0002378	UMLS:C4280072
UBERON:0002379	UMLS:C0224382
UBERON:0002380	UMLS:C0224361
UBERON:0002381	UMLS:C0585574
UBERON:0002382	UMLS:C0206066
UBERON:0002383	UMLS:C0584869
UBERON:0002384	UMLS:C0009780
UBERON:0002385	UMLS:C0026845
UBERON:0002385	UMLS:C2328219
UBERON:0002386	UMLS:C0016536
UBERON:0002387	UMLS:C0016504
UBERON:0002389	UMLS:C0016129
UBERON:0002390	UMLS:C0018957
UBERON:0002391	UMLS:C0024202
UBERON:0002392	UMLS:C0027437
UBERON:0002392	UMLS:C0229289
UBERON:0002393	UMLS:C0015183
UBERON:0002394	UMLS:C0005400
UBERON:0002395	UMLS:C0039277
UBERON:0002396	UMLS:C0242403
UBERON:0002397	UMLS:C0024947
UBERON:0002398	UMLS:C0018563
UBERON:0002399	UMLS:C0230260
UBERON:0002400	UMLS:C0225777
UBERON:0002401	UMLS:C0225776
UBERON:0002402	UMLS:C0178802
UBERON:0002403	UMLS:C1744536
UBERON:0002404	UMLS:C1744608
UBERON:0002405	UMLS:C0020962
UBERON:0002407	UMLS:C0031050
UBERON:0002407	UMLS:C0225968
UBERON:0002407	UMLS:C0225969
UBERON:0002407	UMLS:C0225972
UBERON:0002407	UMLS:C0225974
UBERON:0002407	UMLS:C0225975
UBERON:0002408	UMLS:C0225969
UBERON:0002410	UMLS:C0004388
UBERON:0002410	UMLS:C1305381
UBERON:0002411	UMLS:C0008984
UBERON:0002412	UMLS:C0549207
UBERON:0002413	UMLS:C3665420
UBERON:0002414	UMLS:C0024091
UBERON:0002415	UMLS:C0039259
UBERON:0002416	UMLS:C0037267
UBERON:0002418	UMLS:C0007301
UBERON:0002421	UMLS:C0175202
UBERON:0002422	UMLS:C0149556
UBERON:0002423	UMLS:C1711359
UBERON:0002424	UMLS:C1709332
UBERON:0002427	UMLS:C0222204
UBERON:0002428	UMLS:C0582791
UBERON:0002429	UMLS:C0588054
UBERON:0002430	UMLS:C0020654
UBERON:0002434	UMLS:C0175325
UBERON:0002434	UMLS:C0447641
UBERON:0002434	UMLS:C0751440
UBERON:0002435	UMLS:C0162512
UBERON:0002436	UMLS:C0038446
UBERON:0002436	UMLS:C1272535
UBERON:0002437	UMLS:C0152295
UBERON:0002437	UMLS:C1284115
UBERON:0002438	UMLS:C0175394
UBERON:0002439	UMLS:C0027028
UBERON:0002440	UMLS:C0229000
UBERON:0002441	UMLS:C0038246
UBERON:0002444	UMLS:C0229224
UBERON:0002445	UMLS:C0223739
UBERON:0002446	UMLS:C0030647
UBERON:0002447	UMLS:C0930557
UBERON:0002448	UMLS:C0226968
UBERON:0002448	UMLS:C0545784
UBERON:0002448	UMLS:C1267558
UBERON:0002450	UMLS:C0011106
UBERON:0002451	UMLS:C1183035
UBERON:0002453	UMLS:C0015028
UBERON:0002454	UMLS:C0447094
UBERON:0002456	UMLS:C0226276
UBERON:0002458	UMLS:C0447043
UBERON:0002459	UMLS:C1760539
UBERON:0002461	UMLS:C1744565
UBERON:0002462	UMLS:C0224301
UBERON:0002463	UMLS:C0584895
UBERON:0002465	UMLS:C0024235
UBERON:0002466	UMLS:C0021849
UBERON:0002467	UMLS:C0226966
UBERON:0002467	UMLS:C0545782
UBERON:0002467	UMLS:C1267556
UBERON:0002468	UMLS:C0226969
UBERON:0002468	UMLS:C0545785
UBERON:0002469	UMLS:C0227176
UBERON:0002470	UMLS:C0687080
UBERON:0002474	UMLS:C0228514
UBERON:0002476	UMLS:C0262267
UBERON:0002477	UMLS:C0262283
UBERON:0002479	UMLS:C0175292
UBERON:0002480	UMLS:C0175293
UBERON:0002481	UMLS:C0005931
UBERON:0002481	UMLS:C0262950
UBERON:0002481	UMLS:C0391978
UBERON:0002481	UMLS:C0524414
UBERON:0002485	UMLS:C0227965
UBERON:0002486	UMLS:C0017681
UBERON:0002486	UMLS:C0225570
UBERON:0002488	UMLS:C0229304
UBERON:0002494	UMLS:C0030352
UBERON:0002495	UMLS:C0222647
UBERON:0002497	UMLS:C0001209
UBERON:0002499	UMLS:C0931689
UBERON:0002500	UMLS:C0043539
UBERON:0002500	UMLS:C0162485
UBERON:0002501	UMLS:C1956188
UBERON:0002502	UMLS:C0035878
UBERON:0002503	UMLS:C0223865
UBERON:0002504	UMLS:C0223866
UBERON:0002508	UMLS:C0229766
UBERON:0002509	UMLS:C0229792
UBERON:0002512	UMLS:C0010092
UBERON:0002515	UMLS:C0031110
UBERON:0002516	UMLS:C0018283
UBERON:0002517	UMLS:C0149543
UBERON:0002518	UMLS:C0036029
UBERON:0002518	UMLS:C0036030
UBERON:0002518	UMLS:C0042158
UBERON:0002519	UMLS:C0029893
UBERON:0002519	UMLS:C0029894
UBERON:0002520	UMLS:C0229722
UBERON:0002521	UMLS:C0013762
UBERON:0002521	UMLS:C0230899
UBERON:0002522	UMLS:C0162865
UBERON:0002522	UMLS:C0162866
UBERON:0002522	UMLS:C0162867
UBERON:0002523	UMLS:C0162862
UBERON:0002523	UMLS:C0162863
UBERON:0002523	UMLS:C0162864
UBERON:0002524	UMLS:C0588055
UBERON:0002525	UMLS:C0229840
UBERON:0002527	UMLS:C0229783
UBERON:0002528	UMLS:C0229827
UBERON:0002529	UMLS:C1268195
UBERON:0002530	UMLS:C1285092
UBERON:0002535	UMLS:C0017558
UBERON:0002539	UMLS:C0080322
UBERON:0002544	UMLS:C0582802
UBERON:0002549	UMLS:C0175460
UBERON:0002550	UMLS:C0020653
UBERON:0002551	UMLS:C0228418
UBERON:0002552	UMLS:C0175462
UBERON:0002555	UMLS:C0020669
UBERON:0002556	UMLS:C0262216
UBERON:0002557	UMLS:C0175404
UBERON:0002559	UMLS:C0228520
UBERON:0002560	UMLS:C0149551
UBERON:0002562	UMLS:C0228198
UBERON:0002563	UMLS:C0175371
UBERON:0002564	UMLS:C0262268
UBERON:0002565	UMLS:C0175359
UBERON:0002566	UMLS:C0262338
UBERON:0002567	UMLS:C0228427
UBERON:0002568	UMLS:C0175487
UBERON:0002569	UMLS:C0228239
UBERON:0002570	UMLS:C0175179
UBERON:0002571	UMLS:C0175370
UBERON:0002572	UMLS:C0175355
UBERON:0002573	UMLS:C0228428
UBERON:0002575	UMLS:C0458323
UBERON:0002577	UMLS:C0175369
UBERON:0002580	UMLS:C0175368
UBERON:0002581	UMLS:C0152302
UBERON:0002582	UMLS:C0262187
UBERON:0002583	UMLS:C0152366
UBERON:0002585	UMLS:C0152364
UBERON:0002586	UMLS:C0228224
UBERON:0002587	UMLS:C0175441
UBERON:0002588	UMLS:C0152374
UBERON:0002589	UMLS:C0152402
UBERON:0002590	UMLS:C0228280
UBERON:0002591	UMLS:C0175417
UBERON:0002592	UMLS:C0152394
UBERON:0002593	UMLS:C0694580
UBERON:0002594	UMLS:C0175411
UBERON:0002595	UMLS:C0228206
UBERON:0002596	UMLS:C0175276
UBERON:0002597	UMLS:C0228701
UBERON:0002598	UMLS:C0228204
UBERON:0002599	UMLS:C0152331
UBERON:0002600	UMLS:C0458337
UBERON:0002601	UMLS:C0152332
UBERON:0002602	UMLS:C0175488
UBERON:0002603	UMLS:C0175231
UBERON:0002604	UMLS:C0175444
UBERON:0002605	UMLS:C0694581
UBERON:0002606	UMLS:C0228081
UBERON:0002607	UMLS:C0694583
UBERON:0002608	UMLS:C0175281
UBERON:0002609	UMLS:C0152376
UBERON:0002610	UMLS:C0152411
UBERON:0002612	UMLS:C0262349
UBERON:0002613	UMLS:C0175489
UBERON:0002614	UMLS:C0175282
UBERON:0002615	UMLS:C0152371
UBERON:0002616	UMLS:C0445620
UBERON:0002617	UMLS:C0262304
UBERON:0002618	UMLS:C0175374
UBERON:0002620	UMLS:C0041283
UBERON:0002620	UMLS:C1284640
UBERON:0002622	UMLS:C0175314
UBERON:0002622	UMLS:C1289554
UBERON:0002623	UMLS:C0007793
UBERON:0002624	UMLS:C0262300
UBERON:0002625	UMLS:C0259793
UBERON:0002626	UMLS:C0152336
UBERON:0002629	UMLS:C0262350
UBERON:0002630	UMLS:C0152338
UBERON:0002631	UMLS:C0175414
UBERON:0002632	UMLS:C0694605
UBERON:0002633	UMLS:C0228700
UBERON:0002634	UMLS:C0020653
UBERON:0002636	UMLS:C0228345
UBERON:0002637	UMLS:C0175276
UBERON:0002638	UMLS:C0228344
UBERON:0002639	UMLS:C0228394
UBERON:0002640	UMLS:C0175556
UBERON:0002641	UMLS:C0262299
UBERON:0002642	UMLS:C0228521
UBERON:0002643	UMLS:C0175544
UBERON:0002645	UMLS:C0262218
UBERON:0002646	UMLS:C0228537
UBERON:0002647	UMLS:C0228331
UBERON:0002648	UMLS:C0175323
UBERON:0002649	UMLS:C0228587
UBERON:0002650	UMLS:C0228332
UBERON:0002651	UMLS:C0152281
UBERON:0002651	UMLS:C1281033
UBERON:0002652	UMLS:C0175323
UBERON:0002653	UMLS:C0228522
UBERON:0002654	UMLS:C0228330
UBERON:0002655	UMLS:C0152280
UBERON:0002656	UMLS:C0458328
UBERON:0002657	UMLS:C0694597
UBERON:0002658	UMLS:C0175406
UBERON:0002659	UMLS:C0152284
UBERON:0002660	UMLS:C0262284
UBERON:0002661	UMLS:C0152296
UBERON:0002662	UMLS:C0175410
UBERON:0002663	UMLS:C0036687
UBERON:0002664	UMLS:C0694606
UBERON:0002665	UMLS:C0152333
UBERON:0002666	UMLS:C0228703
UBERON:0002667	UMLS:C0175232
UBERON:0002668	UMLS:C0175408
UBERON:0002669	UMLS:C0262190
UBERON:0002670	UMLS:C0262186
UBERON:0002671	UMLS:C0175407
UBERON:0002673	UMLS:C0036385
UBERON:0002673	UMLS:C0042600
UBERON:0002675	UMLS:C0694582
UBERON:0002676	UMLS:C0175339
UBERON:0002679	UMLS:C0228318
UBERON:0002681	UMLS:C0228319
UBERON:0002682	UMLS:C0152407
UBERON:0002683	UMLS:C0228254
UBERON:0002684	UMLS:C0175516
UBERON:0002685	UMLS:C0752050
UBERON:0002686	UMLS:C0152305
UBERON:0002687	UMLS:C0262201
UBERON:0002688	UMLS:C0228214
UBERON:0002689	UMLS:C0175316
UBERON:0002690	UMLS:C0262200
UBERON:0002691	UMLS:C0175405
UBERON:0002692	UMLS:C0175514
UBERON:0002693	UMLS:C0228245
UBERON:0002694	UMLS:C0175337
UBERON:0002695	UMLS:C0228191
UBERON:0002695	UMLS:C1744592
UBERON:0002696	UMLS:C0175396
UBERON:0002697	UMLS:C0175338
UBERON:0002698	UMLS:C0228192
UBERON:0002699	UMLS:C0228368
UBERON:0002700	UMLS:C0175397
UBERON:0002701	UMLS:C0175382
UBERON:0002702	UMLS:C0152297
UBERON:0002703	UMLS:C0152299
UBERON:0002706	UMLS:C0228385
UBERON:0002707	UMLS:C0011128
UBERON:0002707	UMLS:C0034229
UBERON:0002707	UMLS:C0751459
UBERON:0002707	UMLS:C0936236
UBERON:0002708	UMLS:C0262317
UBERON:0002709	UMLS:C0175298
UBERON:0002710	UMLS:C0228189
UBERON:0002711	UMLS:C0175386
UBERON:0002712	UMLS:C0262317
UBERON:0002713	UMLS:C0228258
UBERON:0002714	UMLS:C0152377
UBERON:0002715	UMLS:C0262330
UBERON:0002716	UMLS:C0228226
UBERON:0002717	UMLS:C0175403
UBERON:0002718	UMLS:C0175559
UBERON:0002719	UMLS:C0175562
UBERON:0002720	UMLS:C0152358
UBERON:0002720	UMLS:C1289573
UBERON:0002721	UMLS:C0228187
UBERON:0002722	UMLS:C0152406
UBERON:0002723	UMLS:C0175331
UBERON:0002724	UMLS:C0228263
UBERON:0002726	UMLS:C0581619
UBERON:0002726	UMLS:C1278837
UBERON:0002727	UMLS:C0152340
UBERON:0002728	UMLS:C0175196
UBERON:0002729	UMLS:C0262214
UBERON:0002732	UMLS:C0228450
UBERON:0002734	UMLS:C0228237
UBERON:0002735	UMLS:C0228446
UBERON:0002738	UMLS:C0175192
UBERON:0002739	UMLS:C0228329
UBERON:0002740	UMLS:C0175191
UBERON:0002741	UMLS:C0175226
UBERON:0002742	UMLS:C0152278
UBERON:0002744	UMLS:C1289484
UBERON:0002745	UMLS:C0175242
UBERON:0002746	UMLS:C0694604
UBERON:0002747	UMLS:C0175485
UBERON:0002748	UMLS:C0228534
UBERON:0002750	UMLS:C0228536
UBERON:0002752	UMLS:C0175557
UBERON:0002753	UMLS:C0175560
UBERON:0002754	UMLS:C0175542
UBERON:0002755	UMLS:C0011128
UBERON:0002756	UMLS:C0175190
UBERON:0002759	UMLS:C0175296
UBERON:0002760	UMLS:C0152403
UBERON:0002761	UMLS:C0262251
UBERON:0002762	UMLS:C0228322
UBERON:0002763	UMLS:C0175213
UBERON:0002764	UMLS:C0262257
UBERON:0002765	UMLS:C0152339
UBERON:0002766	UMLS:C0152313
UBERON:0002767	UMLS:C0694584
UBERON:0002768	UMLS:C0152404
UBERON:0002769	UMLS:C0152309
UBERON:0002770	UMLS:C0020670
UBERON:0002771	UMLS:C0152310
UBERON:0002772	UMLS:C0228205
UBERON:0002772	UMLS:C1281082
UBERON:0002773	UMLS:C0262198
UBERON:0002774	UMLS:C0262320
UBERON:0002775	UMLS:C0228447
UBERON:0002776	UMLS:C0228333
UBERON:0002779	UMLS:C0175429
UBERON:0002781	UMLS:C0175287
UBERON:0002782	UMLS:C0175430
UBERON:0002783	UMLS:C0228443
UBERON:0002786	UMLS:C0175450
UBERON:0002787	UMLS:C0175448
UBERON:0002788	UMLS:C0228316
UBERON:0002790	UMLS:C0175454
UBERON:0002792	UMLS:C0581620
UBERON:0002792	UMLS:C0581621
UBERON:0002792	UMLS:C1278838
UBERON:0002793	UMLS:C0262223
UBERON:0002794	UMLS:C0228440
UBERON:0002795	UMLS:C0149546
UBERON:0002796	UMLS:C0228707
UBERON:0002797	UMLS:C0175459
UBERON:0002798	UMLS:C0152380
UBERON:0002799	UMLS:C0262240
UBERON:0002800	UMLS:C0228456
UBERON:0002802	UMLS:C1281960
UBERON:0002803	UMLS:C1281959
UBERON:0002806	UMLS:C1281963
UBERON:0002807	UMLS:C1281962
UBERON:0002808	UMLS:C1281971
UBERON:0002809	UMLS:C1281970
UBERON:0002810	UMLS:C1281954
UBERON:0002811	UMLS:C1281955
UBERON:0002812	UMLS:C0228176
UBERON:0002813	UMLS:C0228175
UBERON:0002819	UMLS:C0458764
UBERON:0002819	UMLS:C0458765
UBERON:0002819	UMLS:C1184827
UBERON:0002820	UMLS:C1184862
UBERON:0002822	UMLS:C0934637
UBERON:0002823	UMLS:C0929757
UBERON:0002823	UMLS:C0929760
UBERON:0002824	UMLS:C0036286
UBERON:0002824	UMLS:C0446706
UBERON:0002825	UMLS:C1186166
UBERON:0002826	UMLS:C1186167
UBERON:0002827	UMLS:C0037959
UBERON:0002828	UMLS:C0175500
UBERON:0002829	UMLS:C0175499
UBERON:0002829	UMLS:C1281210
UBERON:0002830	UMLS:C0926557
UBERON:0002831	UMLS:C0926558
UBERON:0002832	UMLS:C0228437
UBERON:0002832	UMLS:C1289449
UBERON:0002834	UMLS:C0457466
UBERON:0002835	UMLS:C0457467
UBERON:0002836	UMLS:C0457468
UBERON:0002837	UMLS:C0457469
UBERON:0002838	UMLS:C0501468
UBERON:0002839	UMLS:C0501693
UBERON:0002840	UMLS:C0501694
UBERON:0002841	UMLS:C0501695
UBERON:0002842	UMLS:C0501696
UBERON:0002843	UMLS:C0501737
UBERON:0002844	UMLS:C0501738
UBERON:0002845	UMLS:C0501699
UBERON:0002846	UMLS:C0501700
UBERON:0002847	UMLS:C0501701
UBERON:0002848	UMLS:C0501703
UBERON:0002849	UMLS:C0501704
UBERON:0002850	UMLS:C0501705
UBERON:0002851	UMLS:C0501706
UBERON:0002852	UMLS:C0501707
UBERON:0002853	UMLS:C0501708
UBERON:0002854	UMLS:C0501709
UBERON:0002855	UMLS:C0501710
UBERON:0002856	UMLS:C0501714
UBERON:0002857	UMLS:C0501713
UBERON:0002858	UMLS:C0501715
UBERON:0002859	UMLS:C0501717
UBERON:0002860	UMLS:C0501720
UBERON:0002861	UMLS:C0501721
UBERON:0002862	UMLS:C0501722
UBERON:0002863	UMLS:C0501724
UBERON:0002864	UMLS:C0152397
UBERON:0002865	UMLS:C0228544
UBERON:0002866	UMLS:C0040994
UBERON:0002867	UMLS:C0262207
UBERON:0002868	UMLS:C0175528
UBERON:0002869	UMLS:C0175530
UBERON:0002870	UMLS:C0152401
UBERON:0002870	UMLS:C0926535
UBERON:0002871	UMLS:C0228802
UBERON:0002872	UMLS:C0175534
UBERON:0002873	UMLS:C0175418
UBERON:0002874	UMLS:C0262271
UBERON:0002875	UMLS:C0262288
UBERON:0002876	UMLS:C0152398
UBERON:0002876	UMLS:C1289504
UBERON:0002879	UMLS:C0262307
UBERON:0002880	UMLS:C0175532
UBERON:0002881	UMLS:C0228552
UBERON:0002882	UMLS:C0175538
UBERON:0002883	UMLS:C0175219
UBERON:0002884	UMLS:C0262259
UBERON:0002885	UMLS:C0175223
UBERON:0002886	UMLS:C0175221
UBERON:0002887	UMLS:C0175222
UBERON:0002888	UMLS:C0694601
UBERON:0002889	UMLS:C1134422
UBERON:0002890	UMLS:C0175215
UBERON:0002891	UMLS:C0175216
UBERON:0002892	UMLS:C0175217
UBERON:0002893	UMLS:C0175218
UBERON:0002894	UMLS:C0162434
UBERON:0002896	UMLS:C0262340
UBERON:0002897	UMLS:C0228153
UBERON:0002898	UMLS:C0228152
UBERON:0002899	UMLS:C0228251
UBERON:0002900	UMLS:C0262348
UBERON:0002901	UMLS:C0262311
UBERON:0002902	UMLS:C0228217
UBERON:0002903	UMLS:C0262278
UBERON:0002904	UMLS:C0228229
UBERON:0002904	UMLS:C1289641
UBERON:0002905	UMLS:C0694595
UBERON:0002906	UMLS:C0262194
UBERON:0002907	UMLS:C0262337
UBERON:0002908	UMLS:C0228216
UBERON:0002908	UMLS:C1281079
UBERON:0002909	UMLS:C0262318
UBERON:0002910	UMLS:C0262310
UBERON:0002911	UMLS:C0228265
UBERON:0002911	UMLS:C1284612
UBERON:0002912	UMLS:C0259792
UBERON:0002913	UMLS:C0228213
UBERON:0002913	UMLS:C1281069
UBERON:0002914	UMLS:C0262256
UBERON:0002915	UMLS:C0228212
UBERON:0002915	UMLS:C1281070
UBERON:0002916	UMLS:C0228188
UBERON:0002916	UMLS:C1281071
UBERON:0002918	UMLS:C0175446
UBERON:0002919	UMLS:C0262196
UBERON:0002920	UMLS:C0262204
UBERON:0002921	UMLS:C0228186
UBERON:0002922	UMLS:C0228279
UBERON:0002923	UMLS:C0262316
UBERON:0002924	UMLS:C0262346
UBERON:0002924	UMLS:C1185749
UBERON:0002925	UMLS:C0040999
UBERON:0002930	UMLS:C0228403
UBERON:0002931	UMLS:C0262226
UBERON:0002932	UMLS:C0152379
UBERON:0002933	UMLS:C0262292
UBERON:0002934	UMLS:C0175380
UBERON:0002935	UMLS:C0228335
UBERON:0002936	UMLS:C0175402
UBERON:0002937	UMLS:C0228334
UBERON:0002938	UMLS:C0175401
UBERON:0002940	UMLS:C0175236
UBERON:0002941	UMLS:C0152369
UBERON:0002942	UMLS:C0228337
UBERON:0002943	UMLS:C0152308
UBERON:0002944	UMLS:C0037953
UBERON:0002945	UMLS:C0752056
UBERON:0002947	UMLS:C0149547
UBERON:0002948	UMLS:C0228230
UBERON:0002949	UMLS:C0228553
UBERON:0002952	UMLS:C0175455
UBERON:0002953	UMLS:C0152375
UBERON:0002954	UMLS:C0175318
UBERON:0002955	UMLS:C0228326
UBERON:0002956	UMLS:C1708253
UBERON:0002958	UMLS:C0228439
UBERON:0002959	UMLS:C0175256
UBERON:0002960	UMLS:C0175384
UBERON:0002964	UMLS:C0175377
UBERON:0002965	UMLS:C0175263
UBERON:0002967	UMLS:C0018427
UBERON:0002969	UMLS:C0228242
UBERON:0002970	UMLS:C0175378
UBERON:0002971	UMLS:C0175432
UBERON:0002972	UMLS:C0228351
UBERON:0002972	UMLS:C0920328
UBERON:0002973	UMLS:C0228249
UBERON:0002974	UMLS:C0228469
UBERON:0002974	UMLS:C1289474
UBERON:0002974	UMLS:C1709064
UBERON:0002975	UMLS:C0175379
UBERON:0002976	UMLS:C0175431
UBERON:0002977	UMLS:C0262351
UBERON:0002978	UMLS:C0175280
UBERON:0002979	UMLS:C0228469
UBERON:0002979	UMLS:C1289475
UBERON:0002979	UMLS:C1709776
UBERON:0002980	UMLS:C0262296
UBERON:0002981	UMLS:C0152347
UBERON:0002982	UMLS:C0228346
UBERON:0002983	UMLS:C0228341
UBERON:0002984	UMLS:C0228342
UBERON:0002985	UMLS:C0175295
UBERON:0002987	UMLS:C0175561
UBERON:0002990	UMLS:C0228375
UBERON:0002990	UMLS:C1289566
UBERON:0002991	UMLS:C0228379
UBERON:0002992	UMLS:C0175252
UBERON:0002996	UMLS:C0175356
UBERON:0002998	UMLS:C0152298
UBERON:0003005	UMLS:C0262222
UBERON:0003006	UMLS:C0175443
UBERON:0003007	UMLS:C0175445
UBERON:0003008	UMLS:C0262221
UBERON:0003009	UMLS:C0152370
UBERON:0003010	UMLS:C0175409
UBERON:0003011	UMLS:C0175442
UBERON:0003016	UMLS:C0175340
UBERON:0003017	UMLS:C0038589
UBERON:0003018	UMLS:C0175290
UBERON:0003019	UMLS:C0175286
UBERON:0003020	UMLS:C0228282
UBERON:0003023	UMLS:C0228426
UBERON:0003024	UMLS:C0175289
UBERON:0003025	UMLS:C0175372
UBERON:0003026	UMLS:C0175299
UBERON:0003027	UMLS:C0598179
UBERON:0003028	UMLS:C0152367
UBERON:0003029	UMLS:C0175243
UBERON:0003030	UMLS:C0262315
UBERON:0003031	UMLS:C0175301
UBERON:0003033	UMLS:C0152346
UBERON:0003034	UMLS:C0752053
UBERON:0003036	UMLS:C0228355
UBERON:0003038	UMLS:C0581620
UBERON:0003040	UMLS:C0228398
UBERON:0003041	UMLS:C0175452
UBERON:0003043	UMLS:C0175210
UBERON:0003044	UMLS:C0228271
UBERON:0003046	UMLS:C0175456
UBERON:0003051	UMLS:C1518678
UBERON:0003055	UMLS:C1518973
UBERON:0003060	UMLS:C1283945
UBERON:0003061	UMLS:C1511224
UBERON:0003062	UMLS:C1283999
UBERON:0003064	UMLS:C1284010
UBERON:0003069	UMLS:C1518677
UBERON:0003072	UMLS:C0231109
UBERON:0003073	UMLS:C1517770
UBERON:0003074	UMLS:C0043204
UBERON:0003075	UMLS:C0920623
UBERON:0003077	UMLS:C1284009
UBERON:0003081	UMLS:C1517749
UBERON:0003082	UMLS:C1513802
UBERON:0003084	UMLS:C1514450
UBERON:0003087	UMLS:C0231086
UBERON:0003089	UMLS:C0183176
UBERON:0003091	UMLS:C1519512
UBERON:0003092	UMLS:C0041605
UBERON:0003098	UMLS:C0231107
UBERON:0003104	UMLS:C0162415
UBERON:0003124	UMLS:C0008503
UBERON:0003124	UMLS:C1516505
UBERON:0003126	UMLS:C0040578
UBERON:0003129	UMLS:C0037303
UBERON:0003129	UMLS:C0205950
UBERON:0003133	UMLS:C0017420
UBERON:0003133	UMLS:C0524603
UBERON:0003199	UMLS:C1571705
UBERON:0003215	UMLS:C0034051
UBERON:0003216	UMLS:C0222734
UBERON:0003216	UMLS:C0226901
UBERON:0003217	UMLS:C0447640
UBERON:0003221	UMLS:C0222682
UBERON:0003244	UMLS:C0596882
UBERON:0003267	UMLS:C1710581
UBERON:0003268	UMLS:C1708757
UBERON:0003292	UMLS:C0037938
UBERON:0003342	UMLS:C0227414
UBERON:0003357	UMLS:C1710436
UBERON:0003387	UMLS:C1710458
UBERON:0003425	UMLS:C2699031
UBERON:0003450	UMLS:C1710579
UBERON:0003451	UMLS:C1708755
UBERON:0003462	UMLS:C0015455
UBERON:0003464	UMLS:C0448188
UBERON:0003472	UMLS:C0226246
UBERON:0003473	UMLS:C0039976
UBERON:0003474	UMLS:C0025283
UBERON:0003483	UMLS:C1515429
UBERON:0003501	UMLS:C0030741
UBERON:0003501	UMLS:C0035330
UBERON:0003528	UMLS:C1707348
UBERON:0003530	UMLS:C1708089
UBERON:0003531	UMLS:C0222212
UBERON:0003532	UMLS:C0222268
UBERON:0003533	UMLS:C1708318
UBERON:0003536	UMLS:C1709958
UBERON:0003537	UMLS:C1708672
UBERON:0003538	UMLS:C0225670
UBERON:0003539	UMLS:C0225674
UBERON:0003540	UMLS:C1709961
UBERON:0003541	UMLS:C1708675
UBERON:0003542	UMLS:C1709960
UBERON:0003543	UMLS:C1708674
UBERON:0003544	UMLS:C1706995
UBERON:0003549	UMLS:C1706994
UBERON:0003555	UMLS:C1710148
UBERON:0003581	UMLS:C1707989
UBERON:0003583	UMLS:C1708651
UBERON:0003592	UMLS:C1707052
UBERON:0003603	UMLS:C1708759
UBERON:0003604	UMLS:C1710456
UBERON:0003616	UMLS:C1707053
UBERON:0003620	UMLS:C1711344
UBERON:0003622	UMLS:C0230388
UBERON:0003623	UMLS:C0230393
UBERON:0003624	UMLS:C0230398
UBERON:0003625	UMLS:C0230403
UBERON:0003631	UMLS:C0018534
UBERON:0003631	UMLS:C1708079
UBERON:0003632	UMLS:C1708081
UBERON:0003633	UMLS:C1708083
UBERON:0003634	UMLS:C1708085
UBERON:0003635	UMLS:C1708087
UBERON:0003636	UMLS:C1708312
UBERON:0003637	UMLS:C1708314
UBERON:0003638	UMLS:C1708316
UBERON:0003639	UMLS:C1708317
UBERON:0003640	UMLS:C1708080
UBERON:0003641	UMLS:C1708082
UBERON:0003642	UMLS:C1708084
UBERON:0003645	UMLS:C1708987
UBERON:0003646	UMLS:C1708988
UBERON:0003647	UMLS:C1708989
UBERON:0003648	UMLS:C1708990
UBERON:0003649	UMLS:C1711224
UBERON:0003650	UMLS:C1708999
UBERON:0003651	UMLS:C1709000
UBERON:0003652	UMLS:C1709001
UBERON:0003653	UMLS:C1709002
UBERON:0003654	UMLS:C1709003
UBERON:0003655	UMLS:C0026367
UBERON:0003660	UMLS:C1707990
UBERON:0003666	UMLS:C1710580
UBERON:0003667	UMLS:C1708756
UBERON:0003668	UMLS:C0006441
UBERON:0003669	UMLS:C0015642
UBERON:0003670	UMLS:C0037359
UBERON:0003671	UMLS:C0078960
UBERON:0003672	UMLS:C0011443
UBERON:0003673	UMLS:C0206327
UBERON:0003674	UMLS:C0010482
UBERON:0003675	UMLS:C0226993
UBERON:0003676	UMLS:C0206332
UBERON:0003679	UMLS:C0026638
UBERON:0003680	UMLS:C0080039
UBERON:0003681	UMLS:C0024890
UBERON:0003682	UMLS:C0030213
UBERON:0003683	UMLS:C0085515
UBERON:0003683	UMLS:C0224231
UBERON:0003683	UMLS:C0584869
UBERON:0003683	UMLS:C0584882
UBERON:0003683	UMLS:C0584884
UBERON:0003684	UMLS:C0230168
UBERON:0003685	UMLS:C0010272
UBERON:0003686	UMLS:C0227130
UBERON:0003687	UMLS:C0016519
UBERON:0003688	UMLS:C0028977
UBERON:0003689	UMLS:C0036609
UBERON:0003690	UMLS:C0036037
UBERON:0003691	UMLS:C0228134
UBERON:0003692	UMLS:C0001208
UBERON:0003692	UMLS:C0225058
UBERON:0003692	UMLS:C4239643
UBERON:0003693	UMLS:C0035359
UBERON:0003694	UMLS:C0004168
UBERON:0003695	UMLS:C0025525
UBERON:0003696	UMLS:C0025589
UBERON:0003697	UMLS:C0836916
UBERON:0003698	UMLS:C0038593
UBERON:0003699	UMLS:C0034015
UBERON:0003700	UMLS:C0039493
UBERON:0003701	UMLS:C0001074
UBERON:0003702	UMLS:C0021445
UBERON:0003703	UMLS:C0206187
UBERON:0003704	UMLS:C0005401
UBERON:0003706	UMLS:C0042930
UBERON:0003706	UMLS:C0225526
UBERON:0003707	UMLS:C0037197
UBERON:0003707	UMLS:C0503361
UBERON:0003708	UMLS:C0007281
UBERON:0003709	UMLS:C0008812
UBERON:0003710	UMLS:C0042367
UBERON:0003711	UMLS:C0006095
UBERON:0003712	UMLS:C0007473
UBERON:0003713	UMLS:C0038001
UBERON:0003714	UMLS:C0027757
UBERON:0003715	UMLS:C0037991
UBERON:0003716	UMLS:C0034898
UBERON:0003716	UMLS:C0242474
UBERON:0003718	UMLS:C0027871
UBERON:0003720	UMLS:C0230044
UBERON:0003721	UMLS:C0023740
UBERON:0003722	UMLS:C0230045
UBERON:0003723	UMLS:C0036286
UBERON:0003723	UMLS:C0042598
UBERON:0003724	UMLS:C0026855
UBERON:0003725	UMLS:C0007854
UBERON:0003726	UMLS:C0039983
UBERON:0003726	UMLS:C0205967
UBERON:0003727	UMLS:C1285089
UBERON:0003728	UMLS:C0025066
UBERON:0003729	UMLS:C0026639
UBERON:0003729	UMLS:C1578559
UBERON:0003822	UMLS:C0446516
UBERON:0003823	UMLS:C1140621
UBERON:0003824	UMLS:C0039983
UBERON:0003824	UMLS:C0205967
UBERON:0003843	UMLS:C1709309
UBERON:0003846	UMLS:C1711423
UBERON:0003847	UMLS:C1711424
UBERON:0003861	UMLS:C0223076
UBERON:0003862	UMLS:C1708086
UBERON:0003863	UMLS:C1708088
UBERON:0003864	UMLS:C0223828
UBERON:0003865	UMLS:C1269782
UBERON:0003867	UMLS:C0224026
UBERON:0003868	UMLS:C0224020
UBERON:0003881	UMLS:C0694598
UBERON:0003882	UMLS:C0694599
UBERON:0003883	UMLS:C0694600
UBERON:0003884	UMLS:C2328406
UBERON:0003887	UMLS:C1512940
UBERON:0003888	UMLS:C1517055
UBERON:0003889	UMLS:C0015560
UBERON:0003890	UMLS:C0026732
UBERON:0003891	UMLS:C0927195
UBERON:0003894	UMLS:C0734013
UBERON:0003894	UMLS:C1514451
UBERON:0003902	UMLS:C1518263
UBERON:0003903	UMLS:C0006440
UBERON:0003906	UMLS:C1516293
UBERON:0003911	UMLS:C1516506
UBERON:0003917	UMLS:C0015665
UBERON:0003922	UMLS:C1283285
UBERON:0003929	UMLS:C0836205
UBERON:0003943	UMLS:C0501716
UBERON:0003948	UMLS:C0005853
UBERON:0003951	UMLS:C0016823
UBERON:0003951	UMLS:C0740422
UBERON:0003957	UMLS:C0085156
UBERON:0003959	UMLS:C0035278
UBERON:0003981	UMLS:C1514441
UBERON:0003987	UMLS:C0229950
UBERON:0003991	UMLS:C0152288
UBERON:0003992	UMLS:C0152287
UBERON:0003993	UMLS:C0016520
UBERON:0004012	UMLS:C0027929
UBERON:0004014	UMLS:C0227766
UBERON:0004016	UMLS:C0180383
UBERON:0004019	UMLS:C0033093
UBERON:0004027	UMLS:C0230972
UBERON:0004029	UMLS:C0229108
UBERON:0004050	UMLS:C0228144
UBERON:0004052	UMLS:C0228150
UBERON:0004055	UMLS:C1514439
UBERON:0004056	UMLS:C1514434
UBERON:0004064	UMLS:C1511061
UBERON:0004066	UMLS:C1517321
UBERON:0004084	UMLS:C0227759
UBERON:0004085	UMLS:C0227760
UBERON:0004086	UMLS:C0007799
UBERON:0004086	UMLS:C0016520
UBERON:0004087	UMLS:C0042460
UBERON:0004096	UMLS:C0028881
UBERON:0004103	UMLS:C0002386
UBERON:0004103	UMLS:C0447411
UBERON:0004106	UMLS:C0229319
UBERON:0004108	UMLS:C0222724
UBERON:0004113	UMLS:C1513769
UBERON:0004117	UMLS:C0231067
UBERON:0004122	UMLS:C0042066
UBERON:0004128	UMLS:C0231106
UBERON:0004130	UMLS:C1707522
UBERON:0004134	UMLS:C0022677
UBERON:0004135	UMLS:C0022676
UBERON:0004148	UMLS:C0226654
UBERON:0004148	UMLS:C0226737
UBERON:0004154	UMLS:C0225837
UBERON:0004155	UMLS:C0225838
UBERON:0004161	UMLS:C0231004
UBERON:0004167	UMLS:C0152301
UBERON:0004170	UMLS:C1520137
UBERON:0004178	UMLS:C1706825
UBERON:0004184	UMLS:C1521760
UBERON:0004187	UMLS:C0018597
UBERON:0004194	UMLS:C1517630
UBERON:0004200	UMLS:C0227629
UBERON:0004200	UMLS:C1514613
UBERON:0004212	UMLS:C0226356
UBERON:0004221	UMLS:C1708547
UBERON:0004232	UMLS:C1708791
UBERON:0004237	UMLS:C0026844
UBERON:0004237	UMLS:C1519956
UBERON:0004240	UMLS:C1708179
UBERON:0004242	UMLS:C1707055
UBERON:0004274	UMLS:C1711323
UBERON:0004276	UMLS:C1707392
UBERON:0004288	UMLS:C0816871
UBERON:0004290	UMLS:C1511786
UBERON:0004294	UMLS:C0227647
UBERON:0004339	UMLS:C0205950
UBERON:0004340	UMLS:C0002084
UBERON:0004341	UMLS:C0033153
UBERON:0004344	UMLS:C0231085
UBERON:0004346	UMLS:C0228051
UBERON:0004347	UMLS:C0282505
UBERON:0004356	UMLS:C1516037
UBERON:0004358	UMLS:C0228023
UBERON:0004359	UMLS:C0228022
UBERON:0004360	UMLS:C0228024
UBERON:0004362	UMLS:C1517197
UBERON:0004363	UMLS:C0003489
UBERON:0004367	UMLS:C0011665
UBERON:0004370	UMLS:C0229127
UBERON:0004449	UMLS:C0007770
UBERON:0004450	UMLS:C0750610
UBERON:0004452	UMLS:C0043262
UBERON:0004455	UMLS:C1518306
UBERON:0004465	UMLS:C0027532
UBERON:0004478	UMLS:C0023054
UBERON:0004478	UMLS:C0224177
UBERON:0004478	UMLS:C0224178
UBERON:0004478	UMLS:C0224181
UBERON:0004478	UMLS:C0224182
UBERON:0004478	UMLS:C0224183
UBERON:0004478	UMLS:C0448336
UBERON:0004478	UMLS:C1510945
UBERON:0004533	UMLS:C0227998
UBERON:0004534	UMLS:C0227997
UBERON:0004535	UMLS:C0007226
UBERON:0004538	UMLS:C0227614
UBERON:0004539	UMLS:C0227613
UBERON:0004545	UMLS:C0152345
UBERON:0004547	UMLS:C0230964
UBERON:0004550	UMLS:C0227192
UBERON:0004562	UMLS:C0447128
UBERON:0004582	UMLS:C1267406
UBERON:0004590	UMLS:C1409894
UBERON:0004601	UMLS:C1709945
UBERON:0004602	UMLS:C1709949
UBERON:0004603	UMLS:C1709950
UBERON:0004604	UMLS:C1709951
UBERON:0004605	UMLS:C1711376
UBERON:0004606	UMLS:C1709952
UBERON:0004607	UMLS:C1709953
UBERON:0004608	UMLS:C1709955
UBERON:0004609	UMLS:C1709946
UBERON:0004610	UMLS:C1709947
UBERON:0004611	UMLS:C1709948
UBERON:0004612	UMLS:C0459939
UBERON:0004613	UMLS:C0459941
UBERON:0004614	UMLS:C0459943
UBERON:0004615	UMLS:C0459944
UBERON:0004616	UMLS:C0223176
UBERON:0004617	UMLS:C0223492
UBERON:0004618	UMLS:C0223507
UBERON:0004619	UMLS:C0223522
UBERON:0004620	UMLS:C0223537
UBERON:0004621	UMLS:C0223552
UBERON:0004622	UMLS:C0223598
UBERON:0004623	UMLS:C0223599
UBERON:0004624	UMLS:C0223600
UBERON:0004625	UMLS:C0223601
UBERON:0004626	UMLS:C0459933
UBERON:0004627	UMLS:C0459936
UBERON:0004628	UMLS:C0459952
UBERON:0004629	UMLS:C0459951
UBERON:0004630	UMLS:C0459950
UBERON:0004631	UMLS:C0459949
UBERON:0004632	UMLS:C0459947
UBERON:0004633	UMLS:C0459954
UBERON:0004634	UMLS:C0459955
UBERON:0004635	UMLS:C0459956
UBERON:0004636	UMLS:C0459957
UBERON:0004638	UMLS:C1706972
UBERON:0004641	UMLS:C0229681
UBERON:0004643	UMLS:C0228162
UBERON:0004644	UMLS:C0228171
UBERON:0004645	UMLS:C0225339
UBERON:0004646	UMLS:C0226153
UBERON:0004647	UMLS:C0227518
UBERON:0004648	UMLS:C0227177
UBERON:0004657	UMLS:C0024688
UBERON:0004670	UMLS:C0014472
UBERON:0004671	UMLS:C0152300
UBERON:0004672	UMLS:C0152282
UBERON:0004676	UMLS:C0228567
UBERON:0004676	UMLS:C0228582
UBERON:0004677	UMLS:C1512274
UBERON:0004680	UMLS:C0228289
UBERON:0004684	UMLS:C0034671
UBERON:0004690	UMLS:C0226751
UBERON:0004691	UMLS:C1707061
UBERON:0004697	UMLS:C1711398
UBERON:0004698	UMLS:C1710623
UBERON:0004700	UMLS:C1706849
UBERON:0004701	UMLS:C1710626
UBERON:0004704	UMLS:C0836913
UBERON:0004706	UMLS:C1284055
UBERON:0004711	UMLS:C0022427
UBERON:0004713	UMLS:C0227937
UBERON:0004713	UMLS:C1709494
UBERON:0004714	UMLS:C0036700
UBERON:0004716	UMLS:C1516779
UBERON:0004717	UMLS:C1272490
UBERON:0004718	UMLS:C1272489
UBERON:0004720	UMLS:C0228482
UBERON:0004721	UMLS:C0229465
UBERON:0004722	UMLS:C0458298
UBERON:0004723	UMLS:C1512856
UBERON:0004724	UMLS:C0229251
UBERON:0004725	UMLS:C0228280
UBERON:0004727	UMLS:C0009201
UBERON:0004734	UMLS:C0017199
UBERON:0004734	UMLS:C1284022
UBERON:0004754	UMLS:C0016521
UBERON:0004758	UMLS:C0036139
UBERON:0004760	UMLS:C0162322
UBERON:0004761	UMLS:C1516496
UBERON:0004769	UMLS:C0242696
UBERON:0004772	UMLS:C0459586
UBERON:0004780	UMLS:C1708197
UBERON:0004781	UMLS:C1708175
UBERON:0004785	UMLS:C0225385
UBERON:0004785	UMLS:C0751974
UBERON:0004787	UMLS:C1710585
UBERON:0004788	UMLS:C1709899
UBERON:0004791	UMLS:C1515431
UBERON:0004792	UMLS:C1518866
UBERON:0004793	UMLS:C1518867
UBERON:0004794	UMLS:C0227179
UBERON:0004795	UMLS:C0030296
UBERON:0004796	UMLS:C1709733
UBERON:0004799	UMLS:C1710454
UBERON:0004800	UMLS:C1707050
UBERON:0004801	UMLS:C1711358
UBERON:0004805	UMLS:C1710049
UBERON:0004806	UMLS:C1710617
UBERON:0004810	UMLS:C1709902
UBERON:0004812	UMLS:C1709639
UBERON:0004813	UMLS:C0036629
UBERON:0004816	UMLS:C0751258
UBERON:0004820	UMLS:C1711208
UBERON:0004822	UMLS:C1711347
UBERON:0004823	UMLS:C1708552
UBERON:0004851	UMLS:C1706824
UBERON:0004852	UMLS:C0006904
UBERON:0004852	UMLS:C0014261
UBERON:0004861	UMLS:C1709959
UBERON:0004862	UMLS:C1708673
UBERON:0004863	UMLS:C1710393
UBERON:0004864	UMLS:C0030741
UBERON:0004864	UMLS:C0035330
UBERON:0004870	UMLS:C0458297
UBERON:0004873	UMLS:C1519472
UBERON:0004874	UMLS:C1519423
UBERON:0004875	UMLS:C1283944
UBERON:0004885	UMLS:C0929176
UBERON:0004886	UMLS:C0225701
UBERON:0004893	UMLS:C1706784
UBERON:0004894	UMLS:C0225695
UBERON:0004907	UMLS:C0226875
UBERON:0004908	UMLS:C0226874
UBERON:0004909	UMLS:C1517534
UBERON:0004913	UMLS:C0042425
UBERON:0004915	UMLS:C0028872
UBERON:0004919	UMLS:C1710586
UBERON:0005031	UMLS:C0226933
UBERON:0005032	UMLS:C0226939
UBERON:0005052	UMLS:C1510668
UBERON:0005061	UMLS:C0814992
UBERON:0005062	UMLS:C0814993
UBERON:0005079	UMLS:C0013702
UBERON:0005094	UMLS:C0004895
UBERON:0005094	UMLS:C0282069
UBERON:0005164	UMLS:C0227658
UBERON:0005171	UMLS:C0917710
UBERON:0005193	UMLS:C0226184
UBERON:0005194	UMLS:C0226629
UBERON:0005196	UMLS:C1710156
UBERON:0005236	UMLS:C0458718
UBERON:0005236	UMLS:C1735318
UBERON:0005294	UMLS:C0231047
UBERON:0005294	UMLS:C1512243
UBERON:0005295	UMLS:C1512242
UBERON:0005296	UMLS:C1511527
UBERON:0005299	UMLS:C0227771
UBERON:0005301	UMLS:C0227956
UBERON:0005302	UMLS:C2699356
UBERON:0005303	UMLS:C0020613
UBERON:0005303	UMLS:C0205797
UBERON:0005303	UMLS:C1711378
UBERON:0005304	UMLS:C0038564
UBERON:0005305	UMLS:C0229577
UBERON:0005335	UMLS:C0178551
UBERON:0005352	UMLS:C0037855
UBERON:0005356	UMLS:C0229548
UBERON:0005356	UMLS:C1709841
UBERON:0005357	UMLS:C0014472
UBERON:0005363	UMLS:C0028252
UBERON:0005366	UMLS:C0178780
UBERON:0005373	UMLS:C0458459
UBERON:0005384	UMLS:C1709151
UBERON:0005385	UMLS:C1709152
UBERON:0005386	UMLS:C0028937
UBERON:0005386	UMLS:C0599332
UBERON:0005390	UMLS:C1709063
UBERON:0005391	UMLS:C1517039
UBERON:0005392	UMLS:C1517046
UBERON:0005393	UMLS:C1512872
UBERON:0005394	UMLS:C1517447
UBERON:0005396	UMLS:C0007272
UBERON:0005409	UMLS:C0012240
UBERON:0005413	UMLS:C0752211
UBERON:0005431	UMLS:C0149603
UBERON:0005435	UMLS:C0008840
UBERON:0005437	UMLS:C0149601
UBERON:0005438	UMLS:C0456944
UBERON:0005440	UMLS:C0013273
UBERON:0005441	UMLS:C1744535
UBERON:0005442	UMLS:C0224375
UBERON:0005448	UMLS:C0230259
UBERON:0005454	UMLS:C1512878
UBERON:0005456	UMLS:C0222712
UBERON:0005462	UMLS:C0024090
UBERON:0005463	UMLS:C1518051
UBERON:0005463	UMLS:C1518052
UBERON:0005465	UMLS:C0028783
UBERON:0005467	UMLS:C1514163
UBERON:0005485	UMLS:C0225848
UBERON:0005487	UMLS:C0231091
UBERON:0005493	UMLS:C0448345
UBERON:0005602	UMLS:C1512038
UBERON:0005609	UMLS:C0020887
UBERON:0005610	UMLS:C0020888
UBERON:0005610	UMLS:C0226763
UBERON:0005611	UMLS:C1708516
UBERON:0005612	UMLS:C0459917
UBERON:0005614	UMLS:C1182652
UBERON:0005616	UMLS:C0025465
UBERON:0005617	UMLS:C0025473
UBERON:0005620	UMLS:C1268540
UBERON:0005626	UMLS:C1519967
UBERON:0005725	UMLS:C0228065
UBERON:0005734	UMLS:C0225342
UBERON:0005750	UMLS:C0227645
UBERON:0005751	UMLS:C0227644
UBERON:0005760	UMLS:C1519838
UBERON:0005769	UMLS:C0004799
UBERON:0005777	UMLS:C0599297
UBERON:0005787	UMLS:C1235665
UBERON:0005788	UMLS:C1517719
UBERON:0005789	UMLS:C1517718
UBERON:0005800	UMLS:C0506947
UBERON:0005806	UMLS:C0032717
UBERON:0005806	UMLS:C0226727
UBERON:0005821	UMLS:C0228522
UBERON:0005835	UMLS:C0228578
UBERON:0005839	UMLS:C0228634
UBERON:0005841	UMLS:C0228617
UBERON:0005843	UMLS:C0581669
UBERON:0005843	UMLS:C1280196
UBERON:0005847	UMLS:C0228635
UBERON:0005849	UMLS:C0228618
UBERON:0005852	UMLS:C0228636
UBERON:0005852	UMLS:C1288556
UBERON:0005854	UMLS:C0228619
UBERON:0005854	UMLS:C1278746
UBERON:0005867	UMLS:C1512982
UBERON:0005868	UMLS:C1513037
UBERON:0005879	UMLS:C1280559
UBERON:0005899	UMLS:C0016505
UBERON:0005922	UMLS:C0225434
UBERON:0005928	UMLS:C0595944
UBERON:0005932	UMLS:C0221962
UBERON:0005944	UMLS:C0222645
UBERON:0005953	UMLS:C1881209
UBERON:0005968	UMLS:C0221973
UBERON:0005969	UMLS:C0040573
UBERON:0005974	UMLS:C0008841
UBERON:0005985	UMLS:C0010075
UBERON:0005985	UMLS:C0205042
UBERON:0005985	UMLS:C0500485
UBERON:0005985	UMLS:C3495141
UBERON:0005994	UMLS:C0008484
UBERON:0006005	UMLS:C1182701
UBERON:0006009	UMLS:C0225923
UBERON:0006059	UMLS:C0228120
UBERON:0006072	UMLS:C0728985
UBERON:0006073	UMLS:C0581269
UBERON:0006081	UMLS:C0227544
UBERON:0006082	UMLS:C0447584
UBERON:0006086	UMLS:C0228321
UBERON:0006087	UMLS:C0228533
UBERON:0006088	UMLS:C0152304
UBERON:0006089	UMLS:C0175552
UBERON:0006090	UMLS:C0175550
UBERON:0006091	UMLS:C0152283
UBERON:0006092	UMLS:C0152307
UBERON:0006093	UMLS:C0152306
UBERON:0006094	UMLS:C0152303
UBERON:0006095	UMLS:C1272502
UBERON:0006096	UMLS:C1272506
UBERON:0006097	UMLS:C0175553
UBERON:0006098	UMLS:C0004781
UBERON:0006099	UMLS:C1272523
UBERON:0006100	UMLS:C1272525
UBERON:0006101	UMLS:C1272542
UBERON:0006102	UMLS:C1272496
UBERON:0006104	UMLS:C1272497
UBERON:0006106	UMLS:C0009198
UBERON:0006106	UMLS:C0458767
UBERON:0006107	UMLS:C0175220
UBERON:0006108	UMLS:C0175214
UBERON:0006114	UMLS:C0228228
UBERON:0006115	UMLS:C0228288
UBERON:0006116	UMLS:C0175551
UBERON:0006117	UMLS:C0175549
UBERON:0006135	UMLS:C0027750
UBERON:0006136	UMLS:C0501409
UBERON:0006197	UMLS:C2698201
UBERON:0006199	UMLS:C0226544
UBERON:0006203	UMLS:C0229316
UBERON:0006217	UMLS:C0231056
UBERON:0006257	UMLS:C1283960
UBERON:0006259	UMLS:C1517769
UBERON:0006266	UMLS:C1513875
UBERON:0006267	UMLS:C1518429
UBERON:0006268	UMLS:C1518430
UBERON:0006275	UMLS:C1283967
UBERON:0006296	UMLS:C0231088
UBERON:0006300	UMLS:C0231090
UBERON:0006311	UMLS:C0459556
UBERON:0006314	UMLS:C0005889
UBERON:0006318	UMLS:C0229105
UBERON:0006320	UMLS:C0582817
UBERON:0006321	UMLS:C0582816
UBERON:0006322	UMLS:C0582819
UBERON:0006323	UMLS:C0582818
UBERON:0006329	UMLS:C1515063
UBERON:0006330	UMLS:C0930558
UBERON:0006345	UMLS:C1284048
UBERON:0006347	UMLS:C1707451
UBERON:0006349	UMLS:C0282640
UBERON:0006356	UMLS:C1707930
UBERON:0006378	UMLS:C0042640
UBERON:0006447	UMLS:C0457871
UBERON:0006448	UMLS:C0457872
UBERON:0006449	UMLS:C0457874
UBERON:0006450	UMLS:C0457873
UBERON:0006451	UMLS:C0457875
UBERON:0006452	UMLS:C0457862
UBERON:0006453	UMLS:C0457863
UBERON:0006454	UMLS:C0457864
UBERON:0006455	UMLS:C0457865
UBERON:0006456	UMLS:C0457866
UBERON:0006457	UMLS:C0457859
UBERON:0006458	UMLS:C0457860
UBERON:0006459	UMLS:C0457861
UBERON:0006460	UMLS:C0457876
UBERON:0006461	UMLS:C0457877
UBERON:0006462	UMLS:C0457878
UBERON:0006463	UMLS:C0457879
UBERON:0006464	UMLS:C0457880
UBERON:0006465	UMLS:C0457867
UBERON:0006466	UMLS:C0457868
UBERON:0006467	UMLS:C0457869
UBERON:0006468	UMLS:C0457870
UBERON:0006469	UMLS:C0457851
UBERON:0006470	UMLS:C0457858
UBERON:0006471	UMLS:C1272527
UBERON:0006472	UMLS:C1272528
UBERON:0006473	UMLS:C1272536
UBERON:0006474	UMLS:C1272491
UBERON:0006475	UMLS:C1272492
UBERON:0006476	UMLS:C1272494
UBERON:0006477	UMLS:C1272495
UBERON:0006478	UMLS:C1272498
UBERON:0006479	UMLS:C1272499
UBERON:0006480	UMLS:C1272500
UBERON:0006481	UMLS:C1272509
UBERON:0006482	UMLS:C1272511
UBERON:0006483	UMLS:C1272512
UBERON:0006484	UMLS:C1272513
UBERON:0006485	UMLS:C1272514
UBERON:0006486	UMLS:C1272514
UBERON:0006488	UMLS:C0457853
UBERON:0006489	UMLS:C0457852
UBERON:0006490	UMLS:C0457854
UBERON:0006491	UMLS:C0457855
UBERON:0006492	UMLS:C0457856
UBERON:0006493	UMLS:C0457857
UBERON:0006497	UMLS:C0448494
UBERON:0006499	UMLS:C1744541
UBERON:0006502	UMLS:C1744540
UBERON:0006505	UMLS:C1709453
UBERON:0006517	UMLS:C0022651
UBERON:0006518	UMLS:C1285106
UBERON:0006531	UMLS:C0028863
UBERON:0006531	UMLS:C0224134
UBERON:0006531	UMLS:C0229105
UBERON:0006531	UMLS:C0448311
UBERON:0006531	UMLS:C0582816
UBERON:0006531	UMLS:C0582817
UBERON:0006531	UMLS:C4248929
UBERON:0006534	UMLS:C1707510
UBERON:0006538	UMLS:C1514899
UBERON:0006558	UMLS:C0024235
UBERON:0006564	UMLS:C0226433
UBERON:0006574	UMLS:C0821671
UBERON:0006585	UMLS:C0682674
UBERON:0006586	UMLS:C1518679
UBERON:0006588	UMLS:C0230247
UBERON:0006589	UMLS:C0035877
UBERON:0006614	UMLS:C0225205
UBERON:0006615	UMLS:C0226504
UBERON:0006636	UMLS:C0226408
UBERON:0006643	UMLS:C0227999
UBERON:0006651	UMLS:C1512521
UBERON:0006653	UMLS:C0227769
UBERON:0006657	UMLS:C1261046
UBERON:0006660	UMLS:C0225358
UBERON:0006666	UMLS:C0042448
UBERON:0006670	UMLS:C0230162
UBERON:0006676	UMLS:C0225357
UBERON:0006678	UMLS:C1517293
UBERON:0006679	UMLS:C0225594
UBERON:0006689	UMLS:C2339893
UBERON:0006691	UMLS:C0228121
UBERON:0006692	UMLS:C0037922
UBERON:0006692	UMLS:C1522467
UBERON:0006698	UMLS:C0228376
UBERON:0006718	UMLS:C1512882
UBERON:0006719	UMLS:C1517045
UBERON:0006720	UMLS:C0034001
UBERON:0006723	UMLS:C0229503
UBERON:0006724	UMLS:C0037960
UBERON:0006725	UMLS:C0229477
UBERON:0006726	UMLS:C1711189
UBERON:0006729	UMLS:C0227530
UBERON:0006743	UMLS:C0175486
UBERON:0006749	UMLS:C0447651
UBERON:0006755	UMLS:C0447650
UBERON:0006761	UMLS:C0085376
UBERON:0006763	UMLS:C1179037
UBERON:0006764	UMLS:C0149562
UBERON:0006767	UMLS:C0015813
UBERON:0006799	UMLS:C0682578
UBERON:0006799	UMLS:C1708242
UBERON:0006801	UMLS:C0223683
UBERON:0006803	UMLS:C0223670
UBERON:0006810	UMLS:C0223710
UBERON:0006821	UMLS:C1184459
UBERON:0006842	UMLS:C0162405
UBERON:0006844	UMLS:C0226994
UBERON:0006849	UMLS:C0036277
UBERON:0006856	UMLS:C0021800
UBERON:0006869	UMLS:C0013782
UBERON:0006871	UMLS:C1517291
UBERON:0006875	UMLS:C1512334
UBERON:0006878	UMLS:C0230963
UBERON:0006907	UMLS:C0242874
UBERON:0006908	UMLS:C0242873
UBERON:0006912	UMLS:C1511195
UBERON:0006914	UMLS:C0221909
UBERON:0006915	UMLS:C0836131
UBERON:0006920	UMLS:C1707950
UBERON:0006922	UMLS:C1707351
UBERON:0006923	UMLS:C1711259
UBERON:0006929	UMLS:C0225337
UBERON:0006946	UMLS:C0228013
UBERON:0006950	UMLS:C1514963
UBERON:0006951	UMLS:C1512780
UBERON:0006952	UMLS:C1518682
UBERON:0006956	UMLS:C1578559
UBERON:0006958	UMLS:C0226659
UBERON:0006960	UMLS:C0737271
UBERON:0006964	UMLS:C0175322
UBERON:0006967	UMLS:C0019939
UBERON:0006971	UMLS:C0003452
UBERON:0006984	UMLS:C1515977
UBERON:0007023	UMLS:C0001675
UBERON:0007026	UMLS:C1514442
UBERON:0007106	UMLS:C0008508
UBERON:0007108	UMLS:C0042541
UBERON:0007111	UMLS:C1514801
UBERON:0007113	UMLS:C0042479
UBERON:0007115	UMLS:C0040455
UBERON:0007118	UMLS:C0041638
UBERON:0007119	UMLS:C0015815
UBERON:0007120	UMLS:C1704302
UBERON:0007122	UMLS:C0231068
UBERON:0007123	UMLS:C0231069
UBERON:0007124	UMLS:C0231070
UBERON:0007125	UMLS:C0231071
UBERON:0007126	UMLS:C1517185
UBERON:0007146	UMLS:C0226233
UBERON:0007149	UMLS:C0226264
UBERON:0007150	UMLS:C0226093
UBERON:0007152	UMLS:C0226861
UBERON:0007154	UMLS:C0226762
UBERON:0007222	UMLS:C0001792
UBERON:0007227	UMLS:C0228757
UBERON:0007228	UMLS:C0042600
UBERON:0007230	UMLS:C0011193
UBERON:0007239	UMLS:C1710627
UBERON:0007250	UMLS:C0229871
UBERON:0007268	UMLS:C1451819
UBERON:0007311	UMLS:C0038056
UBERON:0007311	UMLS:C3179346
UBERON:0007318	UMLS:C0036186
UBERON:0007357	UMLS:C0033745
UBERON:0007358	UMLS:C0000780
UBERON:0007361	UMLS:C0035295
UBERON:0007362	UMLS:C0028972
UBERON:0007365	UMLS:C0035946
UBERON:0007366	UMLS:C0038361
UBERON:0007416	UMLS:C0228515
UBERON:0007440	UMLS:C1514987
UBERON:0007602	UMLS:C0836132
UBERON:0007603	UMLS:C0932055
UBERON:0007610	UMLS:C0085427
UBERON:0007610	UMLS:C0085816
UBERON:0007610	UMLS:C0086835
UBERON:0007612	UMLS:C1707982
UBERON:0007613	UMLS:C1707983
UBERON:0007623	UMLS:C0009424
UBERON:0007623	UMLS:C0043074
UBERON:0007623	UMLS:C0376161
UBERON:0007625	UMLS:C0031907
UBERON:0007633	UMLS:C0228436
UBERON:0007633	UMLS:C1289449
UBERON:0007637	UMLS:C0221922
UBERON:0007639	UMLS:C0228247
UBERON:0007641	UMLS:C0040999
UBERON:0007644	UMLS:C0229745
UBERON:0007650	UMLS:C0014871
UBERON:0007691	UMLS:C0226971
UBERON:0007699	UMLS:C1519456
UBERON:0007712	UMLS:C0501702
UBERON:0007713	UMLS:C0501723
UBERON:0007721	UMLS:C0040356
UBERON:0007722	UMLS:C0016125
UBERON:0007775	UMLS:C0348070
UBERON:0007779	UMLS:C0015388
UBERON:0007779	UMLS:C0015389
UBERON:0007779	UMLS:C0040767
UBERON:0007780	UMLS:C0015388
UBERON:0007780	UMLS:C0015389
UBERON:0007780	UMLS:C0040767
UBERON:0007795	UMLS:C0003964
UBERON:0007798	UMLS:C0489903
UBERON:0007806	UMLS:C1516792
UBERON:0007811	UMLS:C0460004
UBERON:0007812	UMLS:C0039259
UBERON:0007827	UMLS:C0458561
UBERON:0007830	UMLS:C0030786
UBERON:0007831	UMLS:C0427245
UBERON:0007846	UMLS:C0225333
UBERON:0008001	UMLS:C0502414
UBERON:0008199	UMLS:C0008114
UBERON:0008200	UMLS:C0016540
UBERON:0008230	UMLS:C1710422
UBERON:0008281	UMLS:C0040442
UBERON:0008337	UMLS:C0018246
UBERON:0008338	UMLS:C0230463
UBERON:0008447	UMLS:C0039318
UBERON:0008447	UMLS:C1527245
UBERON:0008450	UMLS:C0085221
UBERON:0008488	UMLS:C0224377
UBERON:0008522	UMLS:C0224219
UBERON:0008576	UMLS:C0224183
UBERON:0008577	UMLS:C0224181
UBERON:0008583	UMLS:C1708561
UBERON:0008584	UMLS:C1708562
UBERON:0008593	UMLS:C0224115
UBERON:0008594	UMLS:C0224116
UBERON:0008611	UMLS:C0448350
UBERON:0008612	UMLS:C0932441
UBERON:0008715	UMLS:C1183911
UBERON:0008716	UMLS:C0227608
UBERON:0008772	UMLS:C0932431
UBERON:0008775	UMLS:C0223908
UBERON:0008779	UMLS:C0224348
UBERON:0008780	UMLS:C1516906
UBERON:0008788	UMLS:C0010265
UBERON:0008788	UMLS:C0222724
UBERON:0008791	UMLS:C0227199
UBERON:0008804	UMLS:C1522014
UBERON:0008813	UMLS:C0229512
UBERON:0008814	UMLS:C1519038
UBERON:0008818	UMLS:C0230147
UBERON:0008820	UMLS:C0230148
UBERON:0008821	UMLS:C0230149
UBERON:0008822	UMLS:C0230150
UBERON:0008824	UMLS:C0458632
UBERON:0008826	UMLS:C0034085
UBERON:0008827	UMLS:C0033745
UBERON:0008829	UMLS:C0228473
UBERON:0008829	UMLS:C1289480
UBERON:0008830	UMLS:C0228471
UBERON:0008830	UMLS:C1289476
UBERON:0008830	UMLS:C1708540
UBERON:0008835	UMLS:C1512407
UBERON:0008861	UMLS:C0227239
UBERON:0008867	UMLS:C2826619
UBERON:0008874	UMLS:C0225696
UBERON:0008878	UMLS:C0931849
UBERON:0008883	UMLS:C0682561
UBERON:0008887	UMLS:C0226766
UBERON:0008897	UMLS:C2936407
UBERON:0008915	UMLS:C1325742
UBERON:0008947	UMLS:C1514898
UBERON:0008948	UMLS:C0225756
UBERON:0008949	UMLS:C0225758
UBERON:0008951	UMLS:C1285107
UBERON:0008952	UMLS:C1261076
UBERON:0008953	UMLS:C1261077
UBERON:0008954	UMLS:C0225740
UBERON:0008962	UMLS:C0003793
UBERON:0008971	UMLS:C0227388
UBERON:0008972	UMLS:C1305188
UBERON:0008978	UMLS:C0002759
UBERON:0008982	UMLS:C0015641
UBERON:0008989	UMLS:C0227178
UBERON:0009002	UMLS:C0230984
UBERON:0009025	UMLS:C0447070
UBERON:0009026	UMLS:C0447101
UBERON:0009030	UMLS:C0226670
UBERON:0009032	UMLS:C0226669
UBERON:0009040	UMLS:C0226405
UBERON:0009041	UMLS:C0738891
UBERON:0009050	UMLS:C0175518
UBERON:0009053	UMLS:C0228438
UBERON:0009053	UMLS:C1289450
UBERON:0009060	UMLS:C0001878
UBERON:0009098	UMLS:C1514389
UBERON:0009117	UMLS:C1512703
UBERON:0009133	UMLS:C1283968
UBERON:0009149	UMLS:C1517292
UBERON:0009195	UMLS:C1288337
UBERON:0009210	UMLS:C1519040
UBERON:0009471	UMLS:C0226952
UBERON:0009472	UMLS:C0004454
UBERON:0009472	UMLS:C4018906
UBERON:0009472	UMLS:C4018983
UBERON:0009564	UMLS:C0008919
UBERON:0009564	UMLS:C0019908
UBERON:0009564	UMLS:C0019909
UBERON:0009565	UMLS:C0222001
UBERON:0009567	UMLS:C0222007
UBERON:0009573	UMLS:C0262332
UBERON:0009623	UMLS:C0037940
UBERON:0009623	UMLS:C0205955
UBERON:0009623	UMLS:C0205956
UBERON:0009624	UMLS:C0228897
UBERON:0009625	UMLS:C0228922
UBERON:0009629	UMLS:C0228967
UBERON:0009631	UMLS:C0581666
UBERON:0009632	UMLS:C0581631
UBERON:0009633	UMLS:C0581672
UBERON:0009635	UMLS:C1518887
UBERON:0009645	UMLS:C2698103
UBERON:0009646	UMLS:C1708762
UBERON:0009647	UMLS:C1711401
UBERON:0009648	UMLS:C1707991
UBERON:0009650	UMLS:C1511525
UBERON:0009651	UMLS:C1709901
UBERON:0009652	UMLS:C1707051
UBERON:0009653	UMLS:C1710455
UBERON:0009654	UMLS:C1706783
UBERON:0009655	UMLS:C1706858
UBERON:0009657	UMLS:C1708633
UBERON:0009658	UMLS:C1709455
UBERON:0009659	UMLS:C0226409
UBERON:0009687	UMLS:C0226660
UBERON:0009688	UMLS:C0149573
UBERON:0009689	UMLS:C0226245
UBERON:0009836	UMLS:C0262239
UBERON:0009853	UMLS:C0227813
UBERON:0009857	UMLS:C0228158
UBERON:0009859	UMLS:C0222658
UBERON:0009882	UMLS:C0227428
UBERON:0009911	UMLS:C0921005
UBERON:0009913	UMLS:C0736382
UBERON:0009967	UMLS:C1179415
UBERON:0009976	UMLS:C1512570
UBERON:0009978	UMLS:C0222681
UBERON:0009979	UMLS:C0524414
UBERON:0009993	UMLS:C1514421
UBERON:0009994	UMLS:C1519213
UBERON:0009995	UMLS:C1515280
UBERON:0010008	UMLS:C0242769
UBERON:0010010	UMLS:C0004788
UBERON:0010011	UMLS:C0004781
UBERON:0010020	UMLS:C1284046
UBERON:0010032	UMLS:C0226946
UBERON:0010033	UMLS:C0226958
UBERON:0010038	UMLS:C0017130
UBERON:0010074	UMLS:C0008539
UBERON:0010077	UMLS:C0682577
UBERON:0010143	UMLS:C0036614
UBERON:0010143	UMLS:C0227987
UBERON:0010145	UMLS:C0221315
UBERON:0010163	UMLS:C0015420
UBERON:0010176	UMLS:C0278431
UBERON:0010185	UMLS:C0227880
UBERON:0010186	UMLS:C1314737
UBERON:0010207	UMLS:C0028058
UBERON:0010211	UMLS:C0018180
UBERON:0010239	UMLS:C0227374
UBERON:0010240	UMLS:C2700338
UBERON:0010249	UMLS:C0221310
UBERON:0010251	UMLS:C0226187
UBERON:0010292	UMLS:C0229109
UBERON:0010295	UMLS:C1704397
UBERON:0010306	UMLS:C0229275
UBERON:0010356	UMLS:C1184750
UBERON:0010365	UMLS:C1519551
UBERON:0010370	UMLS:C0447138
UBERON:0010373	UMLS:C0227580
UBERON:0010391	UMLS:C0227822
UBERON:0010398	UMLS:C1710157
UBERON:0010399	UMLS:C1710159
UBERON:0010400	UMLS:C1710160
UBERON:0010408	UMLS:C0226116
UBERON:0010428	UMLS:C0222649
UBERON:0010437	UMLS:C1710708
UBERON:0010467	UMLS:C1515272
UBERON:0010496	UMLS:C0224231
UBERON:0010498	UMLS:C0836138
UBERON:0010498	UMLS:C1514590
UBERON:0010499	UMLS:C0506992
UBERON:0010505	UMLS:C1518991
UBERON:0010506	UMLS:C1513121
UBERON:0010545	UMLS:C0025590
UBERON:0010721	UMLS:C1511560
UBERON:0010749	UMLS:C1513291
UBERON:0010754	UMLS:C0282491
UBERON:0010755	UMLS:C1512987
UBERON:0010757	UMLS:C1709954
UBERON:0010887	UMLS:C0229312
UBERON:0010921	UMLS:C0225534
UBERON:0010925	UMLS:C0225535
UBERON:0010926	UMLS:C0458565
UBERON:0010927	UMLS:C0224182
UBERON:0010928	UMLS:C0224214
UBERON:0010932	UMLS:C0448336
UBERON:0010937	UMLS:C1521985
UBERON:0010946	UMLS:C1518531
UBERON:0010949	UMLS:C1710196
UBERON:0010958	UMLS:C1510945
UBERON:0010959	UMLS:C0448281
UBERON:0010996	UMLS:C0007303
UBERON:0011016	UMLS:C0224374
UBERON:0011025	UMLS:C0224177
UBERON:0011043	UMLS:C0224421
UBERON:0011048	UMLS:C1518529
UBERON:0011049	UMLS:C1519874
UBERON:0011050	UMLS:C0459953
UBERON:0011107	UMLS:C0827002
UBERON:0011119	UMLS:C0224620
UBERON:0011121	UMLS:C0225540
UBERON:0011122	UMLS:C0225555
UBERON:0011123	UMLS:C1456798
UBERON:0011132	UMLS:C1262468
UBERON:0011150	UMLS:C0017558
UBERON:0011155	UMLS:C1515104
UBERON:0011165	UMLS:C0227182
UBERON:0011183	UMLS:C1522442
UBERON:0011184	UMLS:C2826787
UBERON:0011185	UMLS:C1517464
UBERON:0011186	UMLS:C1306642
UBERON:0011187	UMLS:C1512275
UBERON:0011188	UMLS:C0223687
UBERON:0011189	UMLS:C1708644
UBERON:0011190	UMLS:C0221991
UBERON:0011194	UMLS:C1709326
UBERON:0011197	UMLS:C1709466
UBERON:0011198	UMLS:C0734205
UBERON:0011199	UMLS:C0227736
UBERON:0011200	UMLS:C0224593
UBERON:0011201	UMLS:C0227269
UBERON:0011202	UMLS:C1711256
UBERON:0011204	UMLS:C0230301
UBERON:0011219	UMLS:C1708736
UBERON:0011220	UMLS:C0446908
UBERON:0011236	UMLS:C1511746
UBERON:0011252	UMLS:C0036294
UBERON:0011253	UMLS:C0162322
UBERON:0011311	UMLS:C0225515
UBERON:0011319	UMLS:C0376491
UBERON:0011364	UMLS:C1707412
UBERON:0011366	UMLS:C1707411
UBERON:0011369	UMLS:C1709311
UBERON:0011376	UMLS:C1708463
UBERON:0011379	UMLS:C1707060
UBERON:0011383	UMLS:C1711328
UBERON:0011385	UMLS:C1709470
UBERON:0011387	UMLS:C1707495
UBERON:0011392	UMLS:C1512870
UBERON:0011464	UMLS:C1708693
UBERON:0011576	UMLS:C2826587
UBERON:0011698	UMLS:C1513298
UBERON:0011757	UMLS:C1514448
UBERON:0011818	UMLS:C0278403
UBERON:0011822	UMLS:C0738366
UBERON:0011823	UMLS:C1511770
UBERON:0011825	UMLS:C1253917
UBERON:0011827	UMLS:C0929386
UBERON:0011859	UMLS:C0149591
UBERON:0011860	UMLS:C0969669
UBERON:0011873	UMLS:C0699803
UBERON:0011874	UMLS:C0224520
UBERON:0011895	UMLS:C0504097
UBERON:0011899	UMLS:C0504096
UBERON:0011900	UMLS:C0224087
UBERON:0011924	UMLS:C0004384
UBERON:0011926	UMLS:C0206254
UBERON:0011929	UMLS:C0206252
UBERON:0011953	UMLS:C0227197
UBERON:0012071	UMLS:C1518857
UBERON:0012168	UMLS:C0015925
UBERON:0012168	UMLS:C0162371
UBERON:0012172	UMLS:C1514976
UBERON:0012180	UMLS:C1522650
UBERON:0012181	UMLS:C0229876
UBERON:0012186	UMLS:C1512279
UBERON:0012187	UMLS:C1708100
UBERON:0012193	UMLS:C1709532
UBERON:0012194	UMLS:C1515066
UBERON:0012236	UMLS:C0229761
UBERON:0012247	UMLS:C2724437
UBERON:0012249	UMLS:C0227829
UBERON:0012250	UMLS:C1707350
UBERON:0012273	UMLS:C1882332
UBERON:0012278	UMLS:C1522269
UBERON:0012279	UMLS:C0030419
UBERON:0012281	UMLS:C0031021
UBERON:0012302	UMLS:C0458453
UBERON:0012320	UMLS:C1707349
UBERON:0012330	UMLS:C2698431
UBERON:0012332	UMLS:C0006205
UBERON:0012337	UMLS:C0007458
UBERON:0012337	UMLS:C0016109
UBERON:0012375	UMLS:C0225334
UBERON:0012376	UMLS:C0226920
UBERON:0012378	UMLS:C1288327
UBERON:0012423	UMLS:C0026049
UBERON:0012423	UMLS:C1318418
UBERON:0012429	UMLS:C0229619
UBERON:0012450	UMLS:C0205831
UBERON:0012451	UMLS:C0682664
UBERON:0012453	UMLS:C0027747
UBERON:0012457	UMLS:C0035943
UBERON:0012471	UMLS:C0230232
UBERON:0012652	UMLS:C1711309
UBERON:0013138	UMLS:C1261099
UBERON:0013139	UMLS:C0230238
UBERON:0013140	UMLS:C0447117
UBERON:0013151	UMLS:C0226164
UBERON:0013153	UMLS:C0228130
UBERON:0013168	UMLS:C0225514
UBERON:0013171	UMLS:C0225542
UBERON:0013172	UMLS:C0225543
UBERON:0013173	UMLS:C1510916
UBERON:0013191	UMLS:C0227878
UBERON:0013192	UMLS:C0227879
UBERON:0013196	UMLS:C0043220
UBERON:0013203	UMLS:C0230189
UBERON:0013211	UMLS:C0229352
UBERON:0013226	UMLS:C0266586
UBERON:0013244	UMLS:C1519928
UBERON:0013245	UMLS:C1519330
UBERON:0013411	UMLS:C0230041
UBERON:0013454	UMLS:C1519450
UBERON:0013463	UMLS:C0230010
UBERON:0013472	UMLS:C0227187
UBERON:0013473	UMLS:C0227191
UBERON:0013474	UMLS:C0227189
UBERON:0013487	UMLS:C1516920
UBERON:0013501	UMLS:C1516658
UBERON:0013528	UMLS:C1272533
UBERON:0013533	UMLS:C1272524
UBERON:0013535	UMLS:C1272526
UBERON:0013538	UMLS:C1272529
UBERON:0013539	UMLS:C1272530
UBERON:0013540	UMLS:C1272531
UBERON:0013541	UMLS:C1272532
UBERON:0013543	UMLS:C1272534
UBERON:0013550	UMLS:C1272537
UBERON:0013551	UMLS:C1272538
UBERON:0013552	UMLS:C1272539
UBERON:0013553	UMLS:C1272540
UBERON:0013554	UMLS:C1272541
UBERON:0013556	UMLS:C1272543
UBERON:0013558	UMLS:C0175194
UBERON:0013559	UMLS:C0598377
UBERON:0013560	UMLS:C1272493
UBERON:0013561	UMLS:C1272506
UBERON:0013573	UMLS:C1272501
UBERON:0013648	UMLS:C0226149
UBERON:0013691	UMLS:C0006497
UBERON:0013691	UMLS:C0282082
UBERON:0013698	UMLS:C1305636
UBERON:0013704	UMLS:C1518428
UBERON:0013760	UMLS:C1512165
UBERON:0014169	UMLS:C0815010
UBERON:0014385	UMLS:C1510944
UBERON:0014450	UMLS:C0175358
UBERON:0014452	UMLS:C1179150
UBERON:0014456	UMLS:C0230197
UBERON:0014539	UMLS:C0175237
UBERON:0014540	UMLS:C0228472
UBERON:0014541	UMLS:C0228637
UBERON:0014542	UMLS:C0228620
UBERON:0014543	UMLS:C0228644
UBERON:0014544	UMLS:C0262269
UBERON:0014607	UMLS:C0228631
UBERON:0014607	UMLS:C1288551
UBERON:0014608	UMLS:C1110643
UBERON:0014609	UMLS:C0228628
UBERON:0014610	UMLS:C0228632
UBERON:0014610	UMLS:C1288552
UBERON:0014611	UMLS:C0228629
UBERON:0014612	UMLS:C0228630
UBERON:0014612	UMLS:C1288554
UBERON:0014613	UMLS:C0228610
UBERON:0014614	UMLS:C0228616
UBERON:0014616	UMLS:C1288559
UBERON:0014617	UMLS:C0228639
UBERON:0014618	UMLS:C0228199
UBERON:0014619	UMLS:C0228614
UBERON:0014619	UMLS:C1278739
UBERON:0014620	UMLS:C0228611
UBERON:0014621	UMLS:C0228615
UBERON:0014621	UMLS:C1278740
UBERON:0014622	UMLS:C0228612
UBERON:0014623	UMLS:C0228613
UBERON:0014624	UMLS:C0458781
UBERON:0014626	UMLS:C0458766
UBERON:0014628	UMLS:C0458761
UBERON:0014629	UMLS:C0458768
UBERON:0014630	UMLS:C0228572
UBERON:0014631	UMLS:C0228573
UBERON:0014632	UMLS:C0228647
UBERON:0014633	UMLS:C0228648
UBERON:0014633	UMLS:C1282211
UBERON:0014634	UMLS:C1278750
UBERON:0014635	UMLS:C1278751
UBERON:0014636	UMLS:C0228627
UBERON:0014637	UMLS:C0228633
UBERON:0014637	UMLS:C1288557
UBERON:0014638	UMLS:C1282146
UBERON:0014639	UMLS:C0459388
UBERON:0014640	UMLS:C1110642
UBERON:0014730	UMLS:C0222673
UBERON:0014730	UMLS:C0824691
UBERON:0014730	UMLS:C1518964
UBERON:0014730	UMLS:C4082189
UBERON:0014892	UMLS:C0242690
UBERON:0014892	UMLS:C0242691
UBERON:0014892	UMLS:C0242692
UBERON:0014892	UMLS:C0242693
UBERON:0014892	UMLS:C0242694
UBERON:0014908	UMLS:C0007764
UBERON:0015875	UMLS:C0018870
UBERON:0015875	UMLS:C4082813
UBERON:0016490	UMLS:C0587901
UBERON:0016525	UMLS:C0016733
UBERON:0016525	UMLS:C1268977
UBERON:0018141	UMLS:C0162436
UBERON:0034728	UMLS:C0206250
UBERON:0034728	UMLS:C0206251
UBERON:0034931	UMLS:C0524810
UBERON:1000021	UMLS:C0222084
UBERON:1000022	UMLS:C0687056
UBERON:1000023	UMLS:C0229691
UBERON:2005259	UMLS:C1179614
UBERON:2005260	UMLS:C1179615
